appointment_id,patient_id,doctor_id,appointment_date,appointment_time,status
1,81,22,2025-01-06,10:15:00,Completed
2,86,6,2024-11-01,15:45:00,Scheduled
3,299,14,2023-07-12,15:45:00,No-Show
4,17,1,2024-06-18,17:00:00,Completed
5,91,25,2023-10-18,12:45:00,Completed
6,300,24,2023-02-13,17:15:00,Completed
7,30,8,2023-03-27,10:30:00,Completed
8,64,11,2023-12-05,12:30:00,Cancelled
9,227,5,2025-09-05,15:15:00,Completed
10,43,29,2023-01-26,15:15:00,Completed
11,218,10,2023-07-18,12:00:00,Completed
12,188,12,2025-05-27,15:45:00,Completed
13,10,9,2023-05-11,14:45:00,No-Show
14,280,1,2024-07-19,09:45:00,Completed
15,166,9,2024-05-29,16:15:00,Completed
16,113,28,2023-07-16,13:30:00,Completed
17,234,17,2025-08-04,10:15:00,Cancelled
18,66,10,2025-04-24,09:00:00,No-Show
19,298,19,2023-02-10,17:45:00,Completed
20,217,27,2023-05-24,11:15:00,Completed
21,226,16,2024-10-10,14:30:00,Completed
22,142,19,2024-10-31,10:15:00,Completed
23,298,15,2023-08-13,10:45:00,Completed
24,154,4,2024-02-01,15:00:00,Completed
25,190,13,2023-09-22,10:45:00,No-Show
26,130,2,2023-08-24,09:30:00,Cancelled
27,23,15,2024-06-11,13:15:00,Completed
28,44,26,2024-12-17,12:00:00,Completed
29,146,24,2023-07-04,12:00:00,Scheduled
30,154,30,2025-06-06,10:00:00,Completed
31,156,12,2025-03-25,10:45:00,Completed
32,252,15,2023-03-14,12:45:00,Scheduled
33,80,19,2023-11-16,09:45:00,Completed
34,156,26,2023-07-31,17:45:00,Completed
35,234,29,2023-03-26,09:15:00,No-Show
36,73,5,2025-09-08,14:15:00,Completed
37,45,23,2025-06-01,12:45:00,Cancelled
38,45,18,2024-03-20,13:45:00,Scheduled
39,292,19,2023-11-26,14:00:00,Completed
40,261,28,2025-08-25,10:30:00,Completed
41,57,2,2024-11-04,15:15:00,Completed
42,34,5,2024-05-23,16:00:00,Cancelled
43,42,18,2023-04-27,09:15:00,Completed
44,207,6,2024-03-09,17:15:00,Completed
45,160,30,2024-06-13,10:30:00,Completed
46,259,7,2024-11-21,14:45:00,No-Show
47,257,7,2024-06-28,12:00:00,Completed
48,131,7,2024-10-16,17:30:00,Completed
49,113,7,2025-06-04,11:15:00,Completed
50,285,20,2023-11-28,15:30:00,Completed
51,207,3,2025-02-07,17:45:00,No-Show
52,26,9,2023-03-18,17:15:00,Completed
53,182,16,2023-06-14,12:45:00,Completed
54,158,16,2023-11-20,09:45:00,Completed
55,220,2,2023-06-08,10:45:00,Completed
56,208,12,2023-05-29,10:15:00,Scheduled
57,59,12,2024-01-11,12:30:00,Cancelled
58,129,20,2025-01-06,16:15:00,Completed
59,298,2,2025-09-28,14:00:00,Completed
60,4,21,2023-05-18,17:45:00,No-Show
61,77,1,2023-11-16,09:15:00,Completed
62,264,7,2025-01-13,12:00:00,Scheduled
63,35,28,2024-02-29,17:00:00,Completed
64,98,8,2023-02-11,12:30:00,No-Show
65,167,15,2025-05-15,09:45:00,Cancelled
66,187,9,2023-12-20,14:45:00,Scheduled
67,15,23,2024-02-14,09:00:00,Completed
68,266,12,2025-06-27,09:30:00,Completed
69,77,6,2024-03-08,16:30:00,Completed
70,155,17,2023-04-05,15:45:00,Completed
71,162,2,2024-06-07,17:00:00,Completed
72,147,18,2024-08-06,09:45:00,Completed
73,16,27,2024-02-25,16:45:00,Scheduled
74,65,27,2023-11-06,09:45:00,Scheduled
75,168,20,2024-10-15,11:30:00,No-Show
76,160,9,2023-04-05,10:15:00,Completed
77,139,11,2023-11-23,17:30:00,Cancelled
78,109,20,2025-05-19,11:45:00,Completed
79,55,26,2024-04-25,15:45:00,Completed
80,298,21,2025-05-23,11:00:00,Completed
81,167,25,2024-12-25,14:45:00,Cancelled
82,80,1,2023-07-04,09:00:00,Scheduled
83,106,22,2024-04-24,10:45:00,Completed
84,6,3,2025-02-28,09:15:00,Completed
85,262,20,2025-08-29,14:30:00,Completed
86,107,15,2023-12-23,15:30:00,Completed
87,176,6,2024-12-09,12:00:00,Completed
88,258,15,2023-02-07,12:15:00,Completed
89,22,29,2024-01-31,13:15:00,Completed
90,7,23,2023-07-09,14:30:00,Completed
91,114,11,2025-03-07,14:30:00,Completed
92,10,12,2024-08-05,11:15:00,Scheduled
93,275,8,2025-08-19,12:00:00,Scheduled
94,300,26,2023-10-08,14:30:00,Scheduled
95,42,13,2025-09-01,11:00:00,Cancelled
96,139,3,2024-11-17,15:45:00,Completed
97,296,7,2024-07-30,16:15:00,Completed
98,298,27,2024-11-15,14:45:00,Completed
99,197,14,2023-06-30,17:00:00,Completed
100,294,11,2024-08-21,14:30:00,Completed
101,182,21,2025-08-14,11:00:00,Completed
102,294,18,2023-10-31,12:30:00,Completed
103,124,22,2023-01-10,17:15:00,Completed
104,28,2,2023-04-18,09:30:00,Cancelled
105,241,2,2023-03-09,13:45:00,Completed
106,91,16,2023-02-16,12:30:00,Scheduled
107,288,14,2025-09-25,13:00:00,No-Show
108,117,18,2025-09-30,16:45:00,No-Show
109,115,7,2024-09-27,17:30:00,Completed
110,59,16,2025-09-13,09:00:00,Completed
111,26,1,2023-03-15,11:00:00,Completed
112,179,17,2023-08-18,10:00:00,Completed
113,16,12,2025-05-20,13:15:00,Completed
114,10,30,2025-01-26,15:00:00,Completed
115,87,15,2023-11-17,15:00:00,Completed
116,282,17,2025-06-16,12:15:00,Completed
117,31,28,2023-08-18,14:15:00,Completed
118,147,22,2023-10-27,16:00:00,Completed
119,208,17,2023-04-03,15:15:00,Completed
120,255,5,2024-11-12,13:30:00,Completed
121,158,24,2025-07-28,09:45:00,No-Show
122,173,11,2024-11-18,17:15:00,Completed
123,13,26,2025-01-11,14:30:00,Completed
124,159,10,2025-01-19,11:15:00,Completed
125,149,16,2024-04-25,16:45:00,Completed
126,143,7,2025-05-21,09:00:00,Completed
127,237,3,2025-08-11,12:00:00,Cancelled
128,29,8,2023-04-05,12:45:00,Completed
129,274,19,2025-01-07,11:00:00,Cancelled
130,270,14,2024-05-17,09:15:00,Cancelled
131,165,18,2025-01-03,12:30:00,Completed
132,173,26,2024-07-24,13:15:00,Scheduled
133,146,26,2024-03-31,11:30:00,Scheduled
134,200,16,2025-04-11,14:15:00,Completed
135,58,18,2023-01-12,10:15:00,Completed
136,290,7,2023-09-09,13:00:00,Scheduled
137,171,2,2023-11-14,12:30:00,No-Show
138,207,6,2025-09-30,16:15:00,Completed
139,94,30,2025-07-29,16:15:00,Scheduled
140,296,1,2023-09-29,14:30:00,No-Show
141,130,17,2024-02-04,17:00:00,Completed
142,96,24,2023-04-05,14:45:00,Completed
143,297,5,2024-01-05,12:30:00,Scheduled
144,59,24,2024-11-25,12:30:00,Completed
145,55,25,2023-05-24,17:45:00,Completed
146,115,9,2025-06-10,16:00:00,Completed
147,11,14,2024-12-25,11:30:00,No-Show
148,292,17,2025-04-25,12:30:00,No-Show
149,175,16,2023-04-03,09:15:00,Completed
150,31,25,2025-05-02,11:15:00,No-Show
151,295,4,2025-02-11,16:15:00,Completed
152,271,8,2023-05-11,09:15:00,Completed
153,9,7,2024-02-09,09:00:00,Scheduled
154,108,22,2023-01-26,11:45:00,Scheduled
155,216,27,2023-03-07,17:30:00,Completed
156,143,12,2025-01-31,09:30:00,No-Show
157,80,23,2024-04-11,17:30:00,Cancelled
158,292,15,2023-08-18,12:15:00,Completed
159,191,15,2024-07-11,09:30:00,Completed
160,204,23,2025-02-05,12:00:00,Completed
161,43,5,2024-10-21,17:30:00,Completed
162,109,8,2024-04-01,15:15:00,No-Show
163,159,19,2023-06-14,09:30:00,Completed
164,202,27,2023-02-01,12:30:00,Scheduled
165,27,14,2024-05-29,09:45:00,Completed
166,36,30,2024-12-25,13:45:00,Completed
167,112,21,2025-06-27,15:15:00,Scheduled
168,222,5,2023-11-01,13:30:00,Cancelled
169,171,10,2024-01-16,12:45:00,Completed
170,214,24,2024-06-24,13:00:00,Completed
171,159,25,2024-04-09,15:45:00,No-Show
172,222,16,2025-08-22,16:00:00,Completed
173,43,24,2025-08-11,13:30:00,Cancelled
174,275,20,2024-10-22,15:45:00,Scheduled
175,200,13,2024-08-27,14:00:00,No-Show
176,80,12,2025-08-05,17:45:00,Cancelled
177,103,10,2024-04-15,13:30:00,No-Show
178,244,4,2025-06-23,14:00:00,Completed
179,225,19,2025-03-27,16:45:00,Cancelled
180,100,19,2024-04-05,10:15:00,Scheduled
181,73,16,2023-08-02,11:00:00,Completed
182,150,29,2024-01-15,12:15:00,Completed
183,133,5,2024-06-13,12:30:00,Cancelled
184,280,20,2025-09-12,16:15:00,Completed
185,32,22,2023-11-08,17:30:00,Completed
186,65,19,2023-10-09,15:45:00,Completed
187,184,19,2024-07-11,11:00:00,Completed
188,121,4,2025-01-23,16:15:00,No-Show
189,6,11,2024-09-09,17:15:00,Scheduled
190,10,19,2024-10-16,16:45:00,No-Show
191,239,3,2024-09-10,11:30:00,Completed
192,42,22,2025-06-12,14:45:00,Completed
193,288,19,2023-04-02,16:00:00,No-Show
194,121,25,2023-05-09,09:00:00,Completed
195,12,25,2024-12-21,16:15:00,Completed
196,238,9,2023-06-14,15:30:00,Completed
197,170,6,2023-09-07,15:00:00,Completed
198,29,9,2024-05-10,10:00:00,Scheduled
199,220,27,2023-06-05,12:00:00,Cancelled
200,239,12,2024-01-30,15:30:00,Completed
201,295,10,2025-04-03,14:15:00,Completed
202,290,24,2023-03-02,17:00:00,Completed
203,246,4,2023-03-02,09:45:00,Completed
204,103,3,2024-12-04,15:15:00,Cancelled
205,72,5,2024-08-07,15:45:00,No-Show
206,294,20,2024-05-25,17:45:00,Cancelled
207,24,22,2024-04-02,12:30:00,Completed
208,266,22,2024-08-31,09:45:00,Cancelled
209,225,7,2024-04-16,09:30:00,Completed
210,114,8,2023-01-06,15:30:00,Cancelled
211,257,10,2023-06-21,12:00:00,Completed
212,58,3,2023-08-30,15:00:00,No-Show
213,282,1,2024-01-11,17:00:00,Scheduled
214,211,23,2025-03-07,14:30:00,Completed
215,9,16,2025-04-14,15:15:00,Completed
216,143,11,2025-05-02,14:00:00,No-Show
217,25,2,2025-06-25,12:15:00,Completed
218,20,15,2023-07-04,15:15:00,Completed
219,296,21,2024-08-04,16:15:00,Completed
220,112,25,2024-01-17,16:30:00,Scheduled
221,159,27,2025-01-10,09:30:00,Cancelled
222,166,4,2024-07-09,15:30:00,Completed
223,28,7,2024-10-08,12:00:00,Completed
224,81,15,2025-03-19,11:15:00,Completed
225,13,30,2024-10-18,11:00:00,Completed
226,258,11,2023-11-01,16:15:00,Scheduled
227,161,25,2023-03-27,11:30:00,Completed
228,64,20,2023-11-08,17:00:00,Completed
229,42,7,2024-02-20,14:45:00,No-Show
230,1,22,2024-01-29,14:30:00,Completed
231,267,25,2024-02-12,16:45:00,Completed
232,163,29,2025-01-22,12:30:00,Completed
233,223,24,2024-06-06,16:45:00,Completed
234,296,13,2024-01-18,12:00:00,Cancelled
235,110,1,2023-04-14,09:00:00,Completed
236,279,13,2023-03-24,14:15:00,No-Show
237,297,13,2023-05-12,11:45:00,Completed
238,101,1,2024-01-24,14:30:00,Completed
239,83,30,2024-10-18,12:30:00,Completed
240,223,10,2024-02-20,14:30:00,Completed
241,60,23,2025-01-17,09:00:00,Completed
242,297,3,2023-05-29,16:00:00,No-Show
243,195,18,2024-12-12,16:30:00,Completed
244,140,28,2024-02-05,13:30:00,Cancelled
245,168,11,2024-05-20,13:45:00,Completed
246,103,11,2025-08-25,16:45:00,Cancelled
247,272,30,2024-10-18,17:15:00,Completed
248,240,25,2024-10-21,10:30:00,Completed
249,81,24,2023-09-21,14:00:00,Completed
250,281,30,2024-11-26,11:15:00,Completed
251,236,1,2023-06-15,12:15:00,Completed
252,79,11,2023-12-15,17:30:00,Completed
253,185,25,2024-09-19,17:30:00,No-Show
254,162,12,2024-04-19,16:15:00,Scheduled
255,21,5,2024-02-01,16:30:00,Scheduled
256,3,29,2024-01-01,11:15:00,Completed
257,8,11,2023-03-29,14:45:00,Scheduled
258,162,6,2023-10-29,10:15:00,Completed
259,221,25,2025-05-07,15:30:00,Completed
260,99,9,2025-05-23,15:30:00,Cancelled
261,182,4,2023-10-02,13:15:00,Completed
262,106,30,2023-06-05,10:00:00,Completed
263,254,21,2023-03-09,10:00:00,No-Show
264,100,8,2023-07-18,11:00:00,Completed
265,202,12,2023-11-28,16:00:00,Scheduled
266,249,24,2025-09-05,15:45:00,Cancelled
267,127,26,2024-06-05,17:45:00,Completed
268,189,26,2024-08-30,13:15:00,Scheduled
269,106,22,2023-12-18,12:45:00,Scheduled
270,87,30,2024-03-06,17:00:00,Completed
271,106,24,2025-09-25,11:00:00,Cancelled
272,86,5,2024-06-03,14:15:00,Completed
273,32,8,2025-05-27,17:30:00,Completed
274,234,26,2024-07-10,12:00:00,Completed
275,85,20,2023-07-25,13:00:00,Cancelled
276,41,9,2025-05-30,15:45:00,Completed
277,285,20,2025-02-14,15:00:00,Cancelled
278,12,1,2025-09-04,13:45:00,Scheduled
279,110,27,2023-10-12,09:00:00,Completed
280,253,24,2024-08-19,12:15:00,Cancelled
281,210,11,2025-03-27,09:45:00,Completed
282,251,26,2025-06-17,17:00:00,Cancelled
283,204,1,2025-01-11,16:30:00,Completed
284,143,4,2025-09-04,11:15:00,Completed
285,46,29,2025-07-22,12:45:00,Completed
286,171,26,2024-03-07,15:00:00,Cancelled
287,235,3,2023-02-02,13:00:00,Completed
288,236,11,2024-05-10,17:45:00,Completed
289,166,18,2024-02-27,09:15:00,Cancelled
290,185,20,2024-08-21,09:15:00,Completed
291,201,25,2025-04-19,11:45:00,Completed
292,68,25,2023-11-04,15:15:00,Completed
293,82,13,2024-10-31,14:45:00,Completed
294,63,7,2023-04-19,17:00:00,Completed
295,109,8,2024-02-21,12:00:00,Cancelled
296,136,22,2023-12-05,16:00:00,Scheduled
297,102,27,2023-10-04,16:00:00,No-Show
298,23,30,2025-05-21,12:15:00,Completed
299,165,7,2024-11-08,13:30:00,Completed
300,150,17,2025-04-30,16:00:00,Completed
301,235,24,2025-09-17,15:00:00,Completed
302,237,19,2024-10-29,15:00:00,Completed
303,210,19,2023-07-27,12:15:00,Cancelled
304,83,22,2025-03-19,10:30:00,Scheduled
305,210,24,2024-01-17,09:45:00,Cancelled
306,266,11,2025-06-02,12:00:00,Completed
307,201,14,2024-08-26,09:00:00,Completed
308,253,5,2023-01-25,12:00:00,Cancelled
309,80,14,2025-06-24,12:15:00,Completed
310,80,27,2023-04-19,16:15:00,Completed
311,105,25,2023-06-30,09:30:00,Scheduled
312,240,11,2023-12-08,16:45:00,Completed
313,126,16,2023-12-22,12:45:00,Completed
314,229,8,2023-03-15,15:45:00,Cancelled
315,193,18,2024-08-19,12:30:00,Completed
316,144,1,2025-02-12,13:45:00,Completed
317,6,6,2025-02-12,15:30:00,Scheduled
318,146,22,2023-11-27,12:45:00,Cancelled
319,186,28,2025-08-29,14:45:00,Completed
320,182,3,2023-06-21,12:45:00,Completed
321,283,7,2025-03-04,13:30:00,Completed
322,51,11,2023-09-14,09:15:00,Completed
323,260,21,2023-02-23,10:00:00,Completed
324,213,30,2024-03-01,12:45:00,Completed
325,12,22,2025-04-15,10:30:00,Cancelled
326,192,26,2025-01-12,12:15:00,Completed
327,91,9,2024-05-24,09:45:00,Cancelled
328,114,29,2023-06-05,11:15:00,Scheduled
329,214,21,2023-06-05,15:45:00,Completed
330,42,27,2023-08-18,17:00:00,Completed
331,273,10,2025-03-17,12:45:00,Completed
332,179,9,2023-12-14,15:00:00,Completed
333,183,28,2023-05-26,11:45:00,Completed
334,46,21,2023-11-28,10:15:00,Completed
335,285,4,2023-10-12,11:30:00,Completed
336,50,16,2023-10-27,14:15:00,Completed
337,48,3,2023-04-26,13:15:00,Completed
338,201,25,2024-01-10,12:45:00,Scheduled
339,159,15,2024-01-03,11:45:00,Scheduled
340,12,28,2024-04-17,09:30:00,Scheduled
341,212,5,2023-07-17,15:45:00,No-Show
342,297,25,2025-03-23,14:00:00,Completed
343,128,16,2023-06-16,15:30:00,Completed
344,242,17,2023-08-08,11:00:00,Completed
345,50,20,2024-01-25,12:30:00,Cancelled
346,144,17,2025-01-09,10:00:00,Completed
347,264,23,2023-09-01,13:45:00,Completed
348,79,19,2024-06-27,11:45:00,Scheduled
349,75,28,2023-01-16,10:15:00,Scheduled
350,153,14,2023-01-24,16:00:00,Scheduled
351,132,12,2024-07-31,13:45:00,Completed
352,155,13,2023-06-22,16:45:00,Cancelled
353,128,26,2023-08-01,11:45:00,Completed
354,215,25,2023-05-24,15:15:00,Completed
355,297,16,2025-02-18,16:00:00,Completed
356,89,8,2025-03-06,10:00:00,Scheduled
357,194,27,2025-07-21,09:15:00,Completed
358,52,13,2023-12-21,15:00:00,Cancelled
359,226,9,2025-09-01,11:00:00,Completed
360,242,9,2025-09-09,12:30:00,Completed
361,64,17,2024-08-08,09:15:00,Completed
362,158,26,2024-10-21,11:15:00,Completed
363,216,20,2025-07-02,13:00:00,Completed
364,68,18,2024-07-01,09:00:00,No-Show
365,55,29,2023-08-17,09:15:00,Cancelled
366,17,24,2024-04-24,13:15:00,Completed
367,116,16,2023-04-14,15:30:00,Completed
368,233,19,2024-10-11,11:30:00,Cancelled
369,101,14,2025-02-17,09:30:00,Completed
370,141,15,2024-01-18,13:00:00,Completed
371,44,7,2024-02-16,11:30:00,Completed
372,237,28,2023-01-12,16:15:00,Completed
373,214,6,2023-02-06,15:15:00,Completed
374,233,1,2025-09-18,15:30:00,Completed
375,123,25,2024-05-26,15:45:00,Completed
376,175,21,2023-11-28,16:45:00,Cancelled
377,197,14,2024-12-06,17:45:00,Scheduled
378,34,17,2024-08-26,16:45:00,Completed
379,176,1,2023-04-07,09:45:00,Completed
380,84,15,2023-10-20,13:15:00,Completed
381,279,9,2025-08-11,09:00:00,Completed
382,106,24,2023-08-18,17:15:00,Completed
383,58,8,2025-03-26,15:15:00,Cancelled
384,259,28,2023-09-28,12:15:00,Completed
385,236,6,2024-09-16,11:00:00,Completed
386,247,18,2023-11-29,12:15:00,Completed
387,185,2,2024-10-14,15:45:00,Completed
388,130,25,2025-05-25,14:30:00,Cancelled
389,98,8,2023-06-19,17:00:00,Completed
390,136,13,2023-08-12,17:00:00,No-Show
391,276,18,2023-12-28,11:30:00,Scheduled
392,253,9,2023-05-23,14:30:00,Cancelled
393,98,3,2023-01-25,17:00:00,Cancelled
394,158,15,2024-12-26,14:45:00,Completed
395,161,19,2025-06-05,12:30:00,Completed
396,147,7,2023-05-19,16:30:00,No-Show
397,156,11,2024-12-07,11:45:00,No-Show
398,122,27,2024-12-11,14:00:00,Completed
399,241,19,2025-01-30,10:45:00,Completed
400,238,2,2024-07-29,12:00:00,Completed
401,228,18,2024-10-17,13:00:00,Completed
402,285,17,2023-05-16,11:00:00,Completed
403,125,29,2023-11-02,17:15:00,Completed
404,141,27,2023-03-23,10:30:00,Completed
405,250,2,2025-05-29,10:45:00,Completed
406,41,21,2024-09-18,10:45:00,Completed
407,28,8,2025-03-06,12:00:00,Completed
408,255,29,2025-05-23,12:45:00,Cancelled
409,127,3,2024-10-22,11:00:00,Completed
410,194,5,2023-11-22,13:15:00,Scheduled
411,118,16,2025-02-06,15:15:00,Completed
412,141,16,2024-08-13,13:30:00,Scheduled
413,188,1,2025-04-13,13:00:00,Completed
414,122,22,2025-04-21,13:15:00,Completed
415,32,24,2024-08-07,16:15:00,No-Show
416,156,21,2024-12-09,13:00:00,Completed
417,152,5,2024-07-05,12:30:00,Completed
418,123,23,2023-12-05,11:00:00,Completed
419,17,14,2025-03-14,17:30:00,Completed
420,9,14,2024-09-25,15:15:00,Completed
421,16,3,2024-12-10,16:00:00,Completed
422,145,14,2023-10-20,09:00:00,No-Show
423,158,18,2023-06-29,16:30:00,No-Show
424,48,1,2024-10-07,14:30:00,Cancelled
425,166,28,2023-05-02,16:00:00,Completed
426,28,11,2024-11-07,11:00:00,Cancelled
427,245,4,2025-04-08,10:15:00,Cancelled
428,236,17,2024-07-02,13:00:00,Scheduled
429,64,27,2024-11-22,09:30:00,Completed
430,264,14,2025-06-01,16:00:00,Completed
431,230,15,2024-04-19,13:45:00,Completed
432,140,1,2023-06-18,17:00:00,Cancelled
433,275,15,2025-04-05,10:15:00,Completed
434,298,23,2023-11-10,09:15:00,Completed
435,22,20,2025-03-18,11:45:00,No-Show
436,267,5,2025-05-17,12:45:00,No-Show
437,54,25,2025-03-18,09:45:00,Cancelled
438,151,16,2025-05-24,12:30:00,Scheduled
439,42,22,2024-03-04,14:15:00,Completed
440,284,22,2025-08-26,12:45:00,No-Show
441,136,11,2024-09-30,10:45:00,Completed
442,225,1,2024-09-01,12:00:00,Completed
443,202,22,2024-06-19,13:15:00,No-Show
444,61,17,2024-02-06,15:15:00,Completed
445,255,18,2023-09-18,16:15:00,Completed
446,285,8,2023-12-06,10:30:00,Completed
447,247,1,2024-08-19,15:45:00,Cancelled
448,269,13,2023-08-09,09:45:00,Completed
449,125,17,2023-12-15,11:00:00,No-Show
450,276,16,2024-09-05,11:15:00,Completed
451,235,2,2023-09-20,12:15:00,Completed
452,128,15,2025-03-23,11:00:00,Cancelled
453,95,18,2023-01-10,16:30:00,No-Show
454,270,30,2023-01-31,12:15:00,Completed
455,273,13,2023-10-09,13:30:00,Completed
456,86,15,2025-06-04,10:45:00,Scheduled
457,295,22,2023-08-25,14:45:00,Completed
458,127,11,2024-04-02,13:00:00,Scheduled
459,30,22,2023-10-17,12:45:00,Scheduled
460,4,7,2024-09-01,16:45:00,Completed
461,100,14,2023-08-03,15:15:00,Completed
462,275,6,2024-08-01,09:00:00,Cancelled
463,42,17,2025-01-16,13:00:00,No-Show
464,34,23,2024-02-26,13:00:00,Completed
465,55,4,2025-01-11,14:15:00,Completed
466,43,1,2024-09-02,14:00:00,Completed
467,200,18,2023-05-15,10:15:00,Completed
468,85,19,2025-03-19,09:45:00,Completed
469,277,5,2025-09-28,09:15:00,Cancelled
470,152,4,2025-08-29,11:15:00,Completed
471,83,25,2024-06-12,11:45:00,Cancelled
472,199,30,2024-05-30,10:45:00,Completed
473,202,14,2024-11-06,14:15:00,Cancelled
474,143,24,2023-12-04,11:30:00,Completed
475,66,1,2024-05-23,10:00:00,Completed
476,34,26,2025-09-16,09:00:00,Scheduled
477,89,18,2025-07-29,14:30:00,No-Show
478,153,18,2025-08-27,10:00:00,Completed
479,63,9,2023-07-15,12:15:00,Completed
480,190,26,2023-07-17,16:30:00,Completed
481,179,3,2023-03-07,14:30:00,Cancelled
482,214,12,2025-01-15,13:00:00,Cancelled
483,175,4,2025-08-05,12:15:00,Scheduled
484,42,14,2023-01-16,14:15:00,No-Show
485,196,15,2024-06-26,12:00:00,Cancelled
486,24,3,2023-02-17,12:45:00,Scheduled
487,191,27,2024-05-13,12:00:00,Completed
488,138,24,2024-11-05,14:15:00,Scheduled
489,188,22,2023-05-15,17:30:00,Cancelled
490,206,20,2025-06-19,11:15:00,Cancelled
491,238,10,2025-06-17,15:30:00,Scheduled
492,272,22,2024-07-05,09:45:00,Scheduled
493,98,25,2023-01-23,17:00:00,Scheduled
494,182,21,2024-10-04,15:30:00,Cancelled
495,282,14,2024-11-25,15:00:00,Completed
496,177,20,2024-04-11,12:15:00,No-Show
497,157,20,2023-02-15,16:30:00,Completed
498,106,23,2025-03-23,13:45:00,Completed
499,192,9,2024-03-25,10:30:00,Cancelled
500,297,24,2023-08-17,15:15:00,Completed
501,190,21,2023-01-26,11:45:00,Completed
502,3,9,2023-08-09,13:30:00,Completed
503,147,21,2023-02-19,14:45:00,Scheduled
504,174,29,2024-09-27,13:30:00,Scheduled
505,112,27,2024-03-01,13:45:00,Completed
506,142,18,2023-06-09,13:45:00,Completed
507,192,18,2024-01-03,12:45:00,Completed
508,238,27,2024-11-12,16:30:00,Completed
509,253,6,2023-02-03,10:15:00,Completed
510,166,20,2023-01-11,14:45:00,Scheduled
511,217,24,2023-08-24,13:45:00,Scheduled
512,107,30,2023-03-07,12:45:00,Scheduled
513,236,19,2023-07-06,11:00:00,Completed
514,102,19,2023-05-19,16:00:00,Completed
515,135,3,2025-07-21,13:15:00,Scheduled
516,249,27,2024-04-02,09:15:00,Scheduled
517,21,26,2023-03-03,11:45:00,Completed
518,247,10,2025-01-23,17:15:00,Completed
519,219,9,2025-05-09,17:30:00,Cancelled
520,50,21,2023-08-14,16:45:00,Completed
521,298,22,2023-10-25,12:45:00,Completed
522,257,26,2024-10-02,17:30:00,Completed
523,109,29,2025-02-07,17:15:00,No-Show
524,161,14,2025-07-20,11:00:00,Completed
525,115,20,2024-04-05,11:15:00,Completed
526,276,7,2025-09-01,11:45:00,Completed
527,271,3,2023-08-18,11:45:00,Scheduled
528,217,1,2024-06-02,15:30:00,Completed
529,34,17,2024-12-03,11:30:00,Cancelled
530,300,5,2024-07-02,17:30:00,Completed
531,62,6,2024-08-23,12:00:00,Completed
532,162,19,2024-01-17,14:30:00,Completed
533,159,28,2023-10-14,17:15:00,Completed
534,241,10,2024-07-01,11:00:00,No-Show
535,294,14,2025-07-30,09:45:00,Completed
536,271,30,2025-04-18,13:30:00,Scheduled
537,277,7,2023-10-27,14:45:00,Completed
538,256,6,2023-01-21,13:30:00,Cancelled
539,248,20,2024-12-27,15:30:00,Completed
540,163,17,2024-07-26,17:00:00,Completed
541,18,16,2025-06-26,14:45:00,Completed
542,295,12,2025-07-17,13:15:00,Completed
543,226,26,2024-04-22,10:45:00,Completed
544,145,11,2025-05-06,13:45:00,Scheduled
545,60,30,2023-12-01,09:00:00,Completed
546,189,9,2024-02-17,15:00:00,Completed
547,181,3,2023-12-18,12:45:00,No-Show
548,77,8,2023-05-23,12:15:00,Completed
549,297,5,2023-08-21,09:45:00,Completed
550,269,24,2025-03-25,11:45:00,Cancelled
551,273,21,2024-09-26,09:45:00,Scheduled
552,188,3,2024-11-18,14:30:00,No-Show
553,92,13,2023-10-04,14:00:00,Completed
554,206,24,2024-04-09,11:30:00,No-Show
555,243,28,2023-01-31,10:15:00,Completed
556,178,24,2023-07-21,10:00:00,Completed
557,144,20,2024-04-05,15:30:00,Completed
558,213,3,2024-06-19,16:15:00,Completed
559,14,22,2024-09-04,13:00:00,Completed
560,167,19,2023-01-30,10:45:00,Cancelled
561,269,1,2023-01-23,13:15:00,No-Show
562,268,28,2024-08-22,10:15:00,Completed
563,146,22,2025-02-28,12:15:00,Cancelled
564,136,8,2025-05-26,09:30:00,Completed
565,109,14,2025-04-14,16:30:00,Completed
566,171,3,2023-12-06,12:15:00,Scheduled
567,46,13,2023-03-09,15:15:00,Scheduled
568,200,23,2023-02-18,14:45:00,Completed
569,48,27,2023-05-16,10:45:00,Cancelled
570,226,3,2024-06-11,15:15:00,Cancelled
571,72,25,2023-06-07,16:15:00,Completed
572,68,20,2023-09-08,09:45:00,Completed
573,188,21,2025-02-01,09:00:00,Cancelled
574,283,14,2024-01-30,16:45:00,Completed
575,272,25,2025-01-16,12:15:00,Cancelled
576,225,2,2024-07-31,09:30:00,No-Show
577,50,5,2023-07-03,12:30:00,Cancelled
578,19,16,2023-05-06,12:45:00,Scheduled
579,159,15,2024-12-15,12:30:00,Completed
580,166,3,2024-11-13,09:45:00,Completed
581,205,16,2025-05-29,15:15:00,Completed
582,96,8,2023-02-13,12:15:00,Completed
583,280,22,2024-03-15,16:45:00,Completed
584,194,4,2023-08-16,16:45:00,Completed
585,186,10,2024-01-08,13:45:00,Completed
586,268,24,2023-08-25,15:30:00,Completed
587,66,22,2025-08-14,11:45:00,Scheduled
588,169,9,2023-02-03,14:30:00,Completed
589,115,24,2023-09-25,14:30:00,Completed
590,166,27,2024-10-08,17:30:00,Scheduled
591,179,9,2025-04-14,15:30:00,Completed
592,20,26,2024-06-10,14:30:00,Completed
593,3,4,2024-07-25,13:30:00,Scheduled
594,63,11,2023-09-08,11:45:00,Completed
595,190,22,2024-07-08,10:30:00,Completed
596,100,6,2024-09-29,11:45:00,Completed
597,225,7,2023-02-09,10:45:00,Completed
598,179,20,2023-06-15,15:00:00,Completed
599,275,18,2023-05-19,17:00:00,Cancelled
600,93,25,2023-02-28,16:00:00,Completed
601,115,23,2024-02-09,10:30:00,Completed
602,270,29,2024-10-18,15:00:00,Scheduled
603,58,6,2024-08-12,13:00:00,Completed
604,173,29,2023-10-17,12:45:00,Completed
605,240,16,2024-04-16,14:00:00,No-Show
606,36,1,2023-07-26,14:30:00,Completed
607,203,3,2023-09-29,09:15:00,No-Show
608,208,8,2023-01-09,15:15:00,Completed
609,2,8,2024-03-19,10:15:00,Completed
610,119,3,2025-08-06,14:45:00,Scheduled
611,121,27,2023-08-31,16:45:00,No-Show
612,168,24,2024-11-29,10:15:00,No-Show
613,138,10,2024-12-26,10:30:00,Completed
614,6,6,2024-03-11,11:15:00,Completed
615,218,29,2024-03-12,17:15:00,Completed
616,18,14,2024-07-12,12:15:00,Completed
617,211,25,2023-01-24,15:30:00,Completed
618,227,11,2024-05-14,13:15:00,Completed
619,150,22,2025-01-31,10:00:00,Completed
620,218,2,2023-03-21,10:00:00,Completed
621,57,18,2023-08-23,15:15:00,No-Show
622,66,25,2024-10-21,14:45:00,Cancelled
623,109,12,2024-06-12,13:45:00,Completed
624,182,29,2025-08-21,12:15:00,Completed
625,178,30,2025-05-14,12:00:00,Scheduled
626,194,26,2023-05-01,16:00:00,Completed
627,103,25,2023-12-27,10:15:00,Completed
628,56,3,2024-09-18,10:45:00,Completed
629,265,25,2025-05-29,11:30:00,Completed
630,214,30,2023-02-10,15:15:00,Completed
631,145,10,2025-06-02,16:30:00,No-Show
632,201,2,2023-03-31,12:00:00,Completed
633,195,29,2024-08-21,14:00:00,Completed
634,15,9,2024-08-29,12:15:00,Scheduled
635,83,11,2025-04-29,15:00:00,Completed
636,13,5,2024-02-13,16:30:00,Completed
637,186,19,2023-12-04,15:45:00,Scheduled
638,108,15,2025-05-23,15:30:00,Completed
639,286,1,2024-05-15,11:15:00,Completed
640,4,16,2024-05-12,09:15:00,Completed
641,113,15,2024-04-12,12:00:00,Cancelled
642,171,15,2024-03-06,12:00:00,Completed
643,127,22,2023-04-19,11:00:00,Completed
644,212,24,2024-12-09,11:30:00,Completed
645,66,25,2023-11-30,14:15:00,No-Show
646,10,14,2023-07-13,14:30:00,Cancelled
647,165,20,2025-08-06,12:00:00,Completed
648,62,24,2025-06-13,11:30:00,Completed
649,264,9,2023-09-19,17:15:00,Cancelled
650,61,4,2024-10-09,09:00:00,Scheduled
651,184,18,2024-11-11,16:30:00,Completed
652,98,28,2025-09-25,13:45:00,Cancelled
653,67,29,2023-05-13,13:15:00,Completed
654,196,9,2023-06-16,14:45:00,Cancelled
655,233,16,2024-12-06,10:00:00,Completed
656,192,2,2024-08-01,11:30:00,Completed
657,285,30,2025-05-26,16:45:00,Cancelled
658,29,1,2023-12-20,10:15:00,Completed
659,186,14,2023-05-18,11:15:00,Completed
660,130,28,2023-03-08,13:45:00,Completed
661,9,21,2023-11-16,17:45:00,Completed
662,18,28,2025-05-17,13:45:00,Completed
663,181,21,2024-03-21,14:15:00,Completed
664,42,15,2023-10-30,09:30:00,Completed
665,122,23,2024-07-31,14:45:00,Completed
666,186,14,2024-05-17,17:30:00,Cancelled
667,4,17,2024-04-03,10:30:00,Completed
668,281,19,2025-09-01,13:15:00,Completed
669,258,25,2025-02-25,17:30:00,Cancelled
670,68,30,2023-02-08,15:00:00,Scheduled
671,228,21,2023-11-28,16:15:00,Completed
672,172,29,2024-07-15,13:15:00,Cancelled
673,166,6,2025-03-18,12:15:00,Completed
674,181,23,2023-03-15,15:30:00,Completed
675,172,8,2023-04-19,16:30:00,Scheduled
676,15,5,2023-03-23,14:00:00,Completed
677,58,11,2025-05-18,09:15:00,Cancelled
678,58,28,2023-03-29,15:00:00,Scheduled
679,150,23,2024-05-28,16:00:00,Completed
680,74,23,2024-05-29,16:15:00,Completed
681,131,26,2025-06-06,14:00:00,Cancelled
682,67,3,2023-01-25,13:30:00,Scheduled
683,61,21,2025-07-27,15:15:00,No-Show
684,94,25,2025-01-22,12:30:00,Scheduled
685,80,19,2023-07-11,15:00:00,Completed
686,133,12,2023-04-25,12:45:00,No-Show
687,138,27,2024-06-27,13:45:00,No-Show
688,178,7,2023-09-16,14:00:00,Cancelled
689,63,28,2024-04-04,16:30:00,No-Show
690,236,7,2025-02-07,13:45:00,No-Show
691,194,2,2025-08-04,14:15:00,Completed
692,201,3,2023-06-02,13:00:00,Cancelled
693,150,25,2024-01-03,15:00:00,Completed
694,203,22,2023-01-15,15:15:00,Completed
695,83,27,2023-01-04,09:45:00,Completed
696,34,8,2024-11-07,10:15:00,Completed
697,92,18,2023-01-25,17:00:00,Completed
698,267,19,2025-02-21,11:45:00,Completed
699,7,30,2023-01-30,17:45:00,Completed
700,83,29,2025-02-12,10:00:00,Cancelled
701,45,6,2024-10-06,11:45:00,No-Show
702,247,18,2024-10-17,13:45:00,Cancelled
703,152,23,2024-12-23,16:45:00,Cancelled
704,34,18,2024-07-24,13:00:00,Completed
705,226,4,2025-01-23,09:15:00,No-Show
706,6,30,2025-01-24,16:15:00,Completed
707,75,30,2023-03-31,13:00:00,Completed
708,17,2,2023-01-26,12:30:00,Scheduled
709,262,15,2025-09-18,14:15:00,Scheduled
710,77,3,2023-12-09,16:15:00,Completed
711,110,11,2024-02-15,13:45:00,Scheduled
712,73,9,2024-05-29,17:00:00,Scheduled
713,130,4,2024-11-16,16:00:00,Scheduled
714,157,29,2024-01-25,13:00:00,Completed
715,66,23,2024-05-28,09:30:00,Cancelled
716,73,9,2025-02-10,12:30:00,Scheduled
717,248,6,2023-03-01,12:15:00,Completed
718,111,6,2023-09-28,15:15:00,Cancelled
719,100,15,2025-01-14,09:45:00,Completed
720,117,17,2024-06-04,13:30:00,Completed
721,152,7,2024-10-26,11:00:00,Completed
722,169,21,2023-06-12,15:00:00,Completed
723,60,21,2024-11-26,10:45:00,Completed
724,214,15,2025-01-30,14:00:00,Scheduled
725,58,5,2024-01-04,11:45:00,Completed
726,244,6,2025-03-27,17:15:00,No-Show
727,271,4,2025-04-21,16:45:00,Cancelled
728,20,20,2025-08-09,13:15:00,Completed
729,73,24,2024-11-24,10:45:00,Completed
730,192,24,2023-07-20,13:45:00,No-Show
731,56,21,2023-12-18,17:00:00,No-Show
732,120,25,2023-07-17,12:00:00,Cancelled
733,79,4,2025-08-06,10:00:00,No-Show
734,210,21,2023-10-16,15:30:00,Scheduled
735,61,11,2023-06-01,11:30:00,Scheduled
736,35,21,2024-07-05,11:00:00,Scheduled
737,18,11,2025-01-24,11:30:00,Completed
738,158,26,2023-02-20,14:00:00,Completed
739,296,2,2023-03-01,09:45:00,Completed
740,251,29,2024-04-18,12:30:00,No-Show
741,181,4,2024-09-18,15:30:00,No-Show
742,97,23,2023-04-25,14:45:00,Cancelled
743,280,25,2024-07-08,17:30:00,Cancelled
744,121,15,2023-12-06,13:30:00,Completed
745,168,10,2023-10-20,12:30:00,Completed
746,122,4,2024-12-18,12:45:00,Scheduled
747,42,25,2024-05-11,15:30:00,Cancelled
748,178,28,2023-07-05,09:00:00,Cancelled
749,76,30,2024-12-13,10:30:00,Completed
750,252,9,2023-11-29,16:45:00,Scheduled
751,257,24,2023-11-22,13:45:00,Completed
752,266,19,2023-05-18,11:30:00,No-Show
753,240,4,2024-08-14,16:00:00,Completed
754,256,26,2024-02-08,09:15:00,Scheduled
755,113,13,2024-11-12,10:00:00,Completed
756,176,4,2025-03-20,15:30:00,Completed
757,63,5,2024-04-01,16:30:00,Completed
758,113,9,2024-10-08,16:45:00,No-Show
759,49,14,2024-02-05,15:00:00,Cancelled
760,273,18,2025-08-07,15:30:00,No-Show
761,123,27,2024-10-24,16:45:00,No-Show
762,212,18,2024-12-13,12:15:00,Completed
763,73,21,2023-09-01,11:15:00,Completed
764,81,4,2025-01-20,13:30:00,Completed
765,258,30,2023-03-07,12:15:00,Cancelled
766,202,26,2024-08-14,12:45:00,No-Show
767,156,26,2025-07-23,14:45:00,Completed
768,63,13,2025-06-05,15:45:00,Completed
769,252,1,2024-11-14,16:00:00,Completed
770,27,27,2024-11-25,16:15:00,Completed
771,93,11,2023-07-31,11:15:00,Completed
772,115,20,2023-07-09,09:00:00,Completed
773,86,14,2023-08-10,16:30:00,Cancelled
774,247,2,2023-05-09,10:45:00,No-Show
775,134,11,2024-08-15,10:30:00,Completed
776,249,29,2024-01-17,16:00:00,Cancelled
777,56,17,2024-10-05,10:30:00,No-Show
778,112,11,2024-12-03,12:15:00,Scheduled
779,13,15,2025-01-13,16:45:00,Completed
780,25,21,2024-06-04,17:15:00,Completed
781,184,25,2023-06-28,15:15:00,Completed
782,150,19,2024-03-04,16:45:00,No-Show
783,102,26,2023-02-09,09:30:00,Cancelled
784,174,6,2023-09-26,14:00:00,Completed
785,294,4,2025-06-10,13:30:00,Scheduled
786,9,2,2025-08-07,09:00:00,Completed
787,89,23,2025-01-23,16:00:00,Completed
788,227,3,2023-07-12,11:00:00,Completed
789,222,10,2023-08-05,11:15:00,Completed
790,191,28,2025-01-16,17:00:00,Scheduled
791,36,2,2023-05-26,11:00:00,Completed
792,143,20,2023-08-12,17:00:00,Completed
793,115,20,2025-02-12,10:30:00,Completed
794,251,11,2023-04-28,11:15:00,Completed
795,282,22,2025-09-23,15:00:00,Completed
796,240,30,2023-11-24,10:00:00,Cancelled
797,165,18,2023-05-01,11:15:00,Completed
798,15,12,2023-02-28,12:15:00,Completed
799,236,27,2023-09-27,10:45:00,Scheduled
800,96,11,2024-09-05,17:45:00,Completed
