billing_id,patient_id,treatment_id,total_amount,discount,final_amount,payment_status,payment_date
1,12,1,1494,100,1394,Paid,2024-12-22
2,165,2,6722,0,6722,Paid,2025-01-04
3,214,3,1397,0,1397,Paid,2024-06-25
4,165,4,1156,500,656,Paid,2024-11-09
5,295,5,2050,0,2050,Paid,2023-08-25
6,223,6,1497,500,997,Pending,
7,81,7,261,0,261,Paid,2025-01-20
8,272,8,76184,0,76184,Insurance,
9,34,9,1812,500,1312,Paid,2024-02-27
10,159,10,978,0,978,Insurance,
11,56,11,1758,0,1758,Pending,
12,282,12,903,0,903,Paid,2025-09-23
13,110,13,1023,500,523,Pending,
14,30,14,812,0,812,Paid,2023-03-28
15,101,15,1893,500,1393,Paid,2024-01-25
16,255,16,2023,100,1923,Paid,2024-11-13
17,201,17,2142,0,2142,Paid,2025-04-19
18,130,18,41449,0,41449,Paid,2023-03-08
19,152,19,2355,200,2155,Insurance,
20,36,20,515,0,515,Paid,2023-05-26
21,31,21,1246,0,1246,Paid,2023-08-18
22,295,22,446,0,446,Paid,2025-02-12
23,100,23,492,0,492,Paid,2023-07-18
24,9,24,700,0,700,Paid,2023-11-16
25,18,25,4516,200,4316,Paid,2025-01-25
26,154,26,3655,0,3655,Paid,2024-02-01
27,184,27,4926,0,4926,Pending,
28,296,28,754,0,754,Paid,2024-07-30
29,77,29,869,0,869,Pending,
30,212,30,227,0,227,Paid,2024-12-13
31,143,31,21799,100,21699,Pending,
32,17,32,854,0,854,Paid,2024-04-24
33,89,33,2892,500,2392,Pending,
34,131,34,1216,200,1016,Paid,2024-10-16
35,13,35,418,0,418,Partially Paid,2024-02-14
36,2,36,641,0,641,Paid,2024-03-20
37,266,37,850,0,850,Paid,2025-06-28
38,15,38,1325,100,1225,Paid,2023-03-23
39,230,39,28582,200,28382,Paid,2024-04-19
40,1,40,6985,0,6985,Paid,2024-01-29
41,100,41,703,0,703,Paid,2024-09-30
42,159,42,3645,0,3645,Paid,2023-06-15
43,76,43,756,0,756,Paid,2024-12-14
44,100,44,6488,0,6488,Paid,2025-01-15
45,25,45,653,0,653,Paid,2024-06-05
46,93,46,1549,0,1549,Paid,2023-08-01
47,115,47,330,0,330,Paid,2023-07-10
48,108,48,990,0,990,Paid,2025-05-24
49,182,49,1950,500,1450,Paid,2023-10-02
50,134,50,1171,100,1071,Paid,2024-08-16
51,109,51,1355,200,1155,Paid,2025-04-14
52,300,52,3331,200,3131,Paid,2024-07-03
53,236,53,1623,0,1623,Pending,
54,247,54,2068,0,2068,Paid,2025-01-24
55,236,55,608,0,608,Paid,2024-09-16
56,276,56,464,0,464,Pending,
57,158,57,1106,0,1106,Paid,2023-02-20
58,3,58,925,0,925,Insurance,
59,143,59,618,0,618,Partially Paid,2025-05-21
60,26,60,38426,100,38326,Paid,2023-03-19
61,216,61,540,0,540,Paid,2023-03-08
62,234,62,59699,0,59699,Paid,2024-07-11
63,242,63,6055,0,6055,Insurance,
64,225,64,2651,0,2651,Pending,
65,283,65,1244,0,1244,Paid,2024-01-30
66,285,66,2116,0,2116,Paid,2023-12-07
67,179,67,813,0,813,Paid,2023-12-15
68,46,68,2481,0,2481,Paid,2023-11-28
69,238,69,2905,0,2905,Paid,2024-07-30
70,4,70,549,0,549,Paid,2024-05-12
71,46,71,2353,500,1853,Pending,
72,138,72,2273,500,1773,Pending,
73,153,73,79146,500,78646,Paid,2025-08-27
74,178,74,2883,0,2883,Pending,
75,103,75,339,0,339,Insurance,
76,200,76,5864,0,5864,Paid,2023-02-18
77,20,77,806,0,806,Insurance,
78,96,78,17332,500,16832,Insurance,
79,7,79,6583,0,6583,Pending,
80,81,80,1408,500,908,Paid,2025-03-19
81,127,81,1769,500,1269,Paid,2023-04-20
82,182,82,6371,500,5871,Paid,2023-06-22
83,6,83,2170,200,1970,Paid,2025-01-25
84,68,84,639,0,639,Paid,2023-09-08
85,182,85,2682,0,2682,Insurance,
86,73,86,6295,500,5795,Paid,2023-08-03
87,200,87,1171,500,671,Paid,2025-04-12
88,127,88,4441,500,3941,Paid,2024-06-05
89,248,89,401,0,401,Paid,2023-03-02
90,116,90,1140,500,640,Paid,2023-04-14
91,65,91,760,0,760,Insurance,
92,240,92,914,0,914,Pending,
93,255,93,697,0,697,Paid,2023-09-19
94,64,94,2167,0,2167,Paid,2023-11-08
95,34,95,799,0,799,Paid,2024-08-26
96,83,96,1175,0,1175,Paid,2023-01-04
97,285,97,624,0,624,Partially Paid,2023-10-13
98,157,98,521,0,521,Paid,2024-01-25
99,292,99,4454,0,4454,Partially Paid,2023-08-18
100,190,100,278,0,278,Paid,2023-07-18
101,115,101,31983,100,31883,Paid,2025-02-12
102,96,102,377,0,377,Paid,2023-02-14
103,101,103,4414,500,3914,Partially Paid,2025-02-18
104,10,104,1233,0,1233,Paid,2025-01-26
105,184,105,1616,500,1116,Paid,2024-11-12
106,251,106,1243,0,1243,Pending,
107,42,107,7190,500,6690,Paid,2023-08-18
108,139,108,1220,100,1120,Paid,2024-11-18
109,13,109,17685,0,17685,Paid,2025-01-11
110,21,110,6475,0,6475,Paid,2023-03-04
111,18,111,2186,200,1986,Paid,2025-05-18
112,204,112,2324,100,2224,Pending,
113,238,113,1012,500,512,Paid,2024-11-13
114,143,114,494,0,494,Paid,2025-09-05
115,239,115,687,0,687,Paid,2024-09-10
116,253,116,2102,0,2102,Paid,2023-02-03
117,143,117,2354,100,2254,Paid,2023-12-05
118,158,118,2148,200,1948,Paid,2024-12-27
119,201,119,482,0,482,Paid,2023-03-31
120,181,120,928,0,928,Insurance,
121,162,121,5500,0,5500,Paid,2024-01-17
122,211,122,1561,0,1561,Paid,2025-03-07
123,144,123,1814,0,1814,Paid,2025-01-10
124,290,124,540,0,540,Pending,
125,85,125,4735,100,4635,Paid,2025-03-19
126,42,126,1607,0,1607,Paid,2023-04-28
127,106,127,19906,200,19706,Paid,2024-04-24
128,279,128,1466,200,1266,Pending,
129,147,129,4542,0,4542,Pending,
130,27,130,1714,0,1714,Insurance,
131,67,131,402,0,402,Paid,2023-05-13
132,161,132,1446,500,946,Paid,2025-07-20
133,259,133,853,0,853,Paid,2023-09-29
134,182,134,1077,500,577,Partially Paid,2025-08-15
135,51,135,468,0,468,Paid,2023-09-14
136,154,136,1466,0,1466,Paid,2025-06-07
137,268,137,7382,0,7382,Paid,2024-08-23
138,227,138,1726,500,1226,Pending,
139,42,139,5995,100,5895,Paid,2025-06-13
140,63,140,1716,200,1516,Pending,
141,147,141,579,0,579,Paid,2023-10-27
142,228,142,3271,0,3271,Paid,2024-10-17
143,205,143,1678,500,1178,Paid,2025-05-29
144,156,144,3040,0,3040,Paid,2025-07-24
145,285,145,1486,100,1386,Paid,2023-05-17
146,186,146,759,0,759,Paid,2024-01-08
147,280,147,490,0,490,Paid,2024-03-15
148,185,148,32282,0,32282,Paid,2024-10-14
149,59,149,42522,0,42522,Paid,2024-11-26
150,214,150,3759,0,3759,Pending,
151,156,151,28335,0,28335,Paid,2024-12-09
152,13,152,1427,0,1427,Paid,2024-10-18
153,23,153,3835,0,3835,Pending,
154,194,154,853,0,853,Pending,
155,195,155,571,0,571,Pending,
156,115,156,697,0,697,Paid,2024-09-27
157,156,157,1613,0,1613,Pending,
158,213,158,3802,0,3802,Paid,2024-03-02
159,115,159,1491,500,991,Paid,2024-02-10
160,261,160,4979,0,4979,Paid,2025-08-26
161,192,161,2267,0,2267,Pending,
162,43,162,1542,100,1442,Paid,2024-09-03
163,181,163,509,0,509,Paid,2023-03-15
164,168,164,2470,0,2470,Partially Paid,2024-05-21
165,184,165,403,0,403,Paid,2024-07-12
166,166,166,69409,0,69409,Paid,2025-03-18
167,192,167,973,0,973,Paid,2025-01-13
168,266,168,2276,0,2276,Pending,
169,277,169,979,0,979,Paid,2023-10-27
170,165,170,1797,0,1797,Paid,2023-05-01
171,280,171,1175,0,1175,Insurance,
172,225,172,2349,500,1849,Paid,2023-02-10
173,176,173,1125,500,625,Paid,2024-12-10
174,217,174,1400,0,1400,Insurance,
175,235,175,6678,200,6478,Paid,2023-02-02
176,220,176,1531,0,1531,Paid,2023-06-09
177,156,177,608,0,608,Paid,2023-07-31
178,237,178,1445,0,1445,Paid,2024-10-29
179,16,179,729,0,729,Paid,2025-05-21
180,163,180,21360,0,21360,Paid,2025-01-23
181,285,181,1277,200,1077,Paid,2023-11-28
182,235,182,3830,200,3630,Paid,2023-09-20
183,157,183,1628,100,1528,Paid,2023-02-16
184,207,184,1452,0,1452,Paid,2024-03-09
185,87,185,1208,200,1008,Paid,2023-11-17
186,98,186,632,0,632,Pending,
187,80,187,1884,100,1784,Paid,2023-11-17
188,82,188,368,0,368,Paid,2024-11-01
189,176,189,1955,500,1455,Paid,2023-04-07
190,294,190,2646,100,2546,Pending,
191,236,191,1006,0,1006,Paid,2023-06-15
192,113,192,993,0,993,Insurance,
193,141,193,1148,0,1148,Paid,2024-01-19
194,121,194,1100,200,900,Pending,
195,126,195,809,0,809,Insurance,
196,16,196,1319,100,1219,Pending,
197,87,197,2535,0,2535,Paid,2024-03-06
198,59,198,444,0,444,Paid,2025-09-13
199,4,199,1372,100,1272,Pending,
200,233,200,4716,0,4716,Insurance,
201,122,201,861,0,861,Paid,2024-12-12
202,15,202,683,0,683,Pending,
203,4,203,1878,100,1778,Paid,2024-09-01
204,17,204,1601,0,1601,Partially Paid,2024-06-19
205,50,205,1352,200,1152,Paid,2023-08-15
206,26,206,4491,0,4491,Pending,
207,213,207,686,0,686,Paid,2024-06-19
208,273,208,1509,500,1009,Pending,
209,179,209,1008,100,908,Paid,2023-06-15
210,297,210,2385,0,2385,Paid,2023-08-17
211,123,211,6208,500,5708,Insurance,
212,225,212,15667,0,15667,Paid,2024-09-02
213,275,213,4577,500,4077,Paid,2025-04-06
214,44,214,1536,200,1336,Pending,
215,24,215,440,0,440,Paid,2024-04-03
216,194,216,2008,0,2008,Paid,2023-05-02
217,227,217,1510,500,1010,Paid,2025-09-06
218,192,218,72724,500,72224,Paid,2024-08-01
219,60,219,42471,0,42471,Pending,
220,298,220,1270,0,1270,Paid,2025-05-24
221,267,221,4644,500,4144,Paid,2024-02-12
222,3,222,6421,100,6321,Paid,2023-08-10
223,252,223,4553,0,4553,Paid,2024-11-15
224,79,224,2428,200,2228,Paid,2023-12-16
225,86,225,1426,0,1426,Paid,2024-06-03
226,122,226,4046,0,4046,Paid,2024-07-31
227,169,227,1427,200,1227,Paid,2023-06-13
228,265,228,594,0,594,Paid,2025-05-30
229,286,229,6669,0,6669,Paid,2024-05-15
230,129,230,466,0,466,Paid,2025-01-07
231,43,231,1348,200,1148,Paid,2024-10-21
232,62,232,1253,500,753,Insurance,
233,268,233,4806,0,4806,Paid,2023-08-26
234,23,234,1491,500,991,Partially Paid,2024-06-11
235,241,235,943,0,943,Paid,2023-03-10
236,203,236,1397,0,1397,Pending,
237,74,237,2141,200,1941,Paid,2024-05-30
238,113,238,4606,0,4606,Paid,2024-11-12
239,141,239,53736,0,53736,Pending,
240,199,240,1131,200,931,Paid,2024-05-30
241,42,241,872,0,872,Paid,2024-03-05
242,61,242,2030,0,2030,Insurance,
243,109,243,705,0,705,Paid,2025-05-20
244,118,244,48901,0,48901,Insurance,
245,217,245,776,0,776,Paid,2023-05-24
246,297,246,528,0,528,Pending,
247,208,247,729,0,729,Paid,2023-01-09
248,273,248,1510,200,1310,Paid,2025-03-18
249,168,249,2097,500,1597,Paid,2023-10-20
250,298,250,4675,0,4675,Pending,
251,186,251,476,0,476,Insurance,
252,66,252,950,0,950,Paid,2024-05-23
253,185,253,533,0,533,Pending,
254,236,254,408,0,408,Paid,2023-07-07
255,161,255,31335,500,30835,Paid,2023-03-28
256,124,256,480,0,480,Paid,2023-01-11
257,193,257,790,0,790,Paid,2024-08-20
258,257,258,725,0,725,Paid,2023-06-21
259,57,259,37963,0,37963,Paid,2024-11-04
260,271,260,1703,500,1203,Pending,
261,169,261,780,0,780,Paid,2023-02-03
262,183,262,1017,500,517,Insurance,
263,162,263,966,0,966,Paid,2023-10-30
264,298,264,3694,200,3494,Paid,2023-10-25
265,72,265,451,0,451,Paid,2023-06-07
266,9,266,7749,200,7549,Paid,2025-08-07
267,100,267,860,0,860,Paid,2023-08-04
268,297,268,63021,0,63021,Paid,2025-03-24
269,9,269,1332,0,1332,Paid,2025-04-15
270,214,270,968,0,968,Paid,2023-06-05
271,63,271,21383,0,21383,Paid,2023-07-15
272,300,272,405,0,405,Pending,
273,250,273,1075,0,1075,Paid,2025-05-30
274,243,274,3475,0,3475,Pending,
275,92,275,1841,0,1841,Paid,2023-01-25
276,20,276,3072,0,3072,Paid,2023-07-05
277,173,277,765,0,765,Paid,2023-10-18
278,242,278,738,0,738,Pending,
279,112,279,32036,0,32036,Paid,2024-03-01
280,81,280,687,0,687,Insurance,
281,144,281,533,0,533,Paid,2024-04-05
282,34,282,723,0,723,Paid,2024-11-07
283,68,283,1050,0,1050,Pending,
284,221,284,2327,0,2327,Paid,2025-05-08
285,218,285,7067,200,6867,Paid,2023-03-22
286,240,286,371,0,371,Paid,2024-10-22
287,83,287,773,0,773,Partially Paid,2025-04-29
288,125,288,988,0,988,Paid,2023-11-02
289,298,289,461,0,461,Pending,
290,132,290,7135,0,7135,Pending,
291,218,291,907,0,907,Paid,2024-03-12
292,150,292,324,0,324,Paid,2025-05-01
293,211,293,2926,500,2426,Paid,2023-01-24
294,186,294,2845,0,2845,Paid,2025-08-30
295,155,295,1259,0,1259,Paid,2023-04-05
296,73,296,686,0,686,Paid,2025-09-09
297,84,297,985,0,985,Paid,2023-10-21
298,150,298,1010,200,810,Paid,2024-05-28
299,175,299,5050,500,4550,Paid,2023-04-04
300,142,300,1379,0,1379,Paid,2024-10-31
301,264,301,504,0,504,Pending,
302,179,302,4214,0,4214,Paid,2025-04-15
303,32,303,709,0,709,Paid,2025-05-27
304,121,304,1274,200,1074,Paid,2023-05-09
305,77,305,22323,0,22323,Paid,2024-03-09
306,55,306,760,0,760,Paid,2024-04-25
307,34,307,50741,200,50541,Paid,2024-07-24
308,210,308,1546,100,1446,Insurance,
309,298,309,1689,0,1689,Paid,2023-11-11
310,283,310,2318,100,2218,Insurance,
311,80,311,838,0,838,Pending,
312,20,312,72082,500,71582,Pending,
313,166,313,1566,0,1566,Paid,2024-05-30
314,197,314,850,0,850,Paid,2023-06-30
315,170,315,6131,200,5931,Paid,2023-09-07
316,109,316,1418,0,1418,Paid,2024-06-13
317,113,317,5172,0,5172,Paid,2023-07-17
318,73,318,7885,100,7785,Paid,2023-09-02
319,55,319,943,0,943,Paid,2023-05-24
320,222,320,1020,0,1020,Paid,2023-08-06
321,63,321,486,0,486,Paid,2024-04-02
322,296,322,674,0,674,Paid,2024-08-04
323,17,323,2679,0,2679,Paid,2025-03-14
324,207,324,2039,200,1839,Pending,
325,292,325,1000,0,1000,Paid,2023-11-26
326,41,326,922,0,922,Paid,2024-09-19
327,36,327,35941,500,35441,Paid,2023-07-27
328,257,328,1065,200,865,Paid,2024-10-03
329,50,329,619,0,619,Paid,2023-10-28
330,226,330,4338,0,4338,Paid,2025-09-01
331,189,331,1604,0,1604,Paid,2024-02-17
332,246,332,1147,200,947,Paid,2023-03-03
333,233,333,5863,0,5863,Paid,2024-12-06
334,35,334,541,0,541,Partially Paid,2024-03-01
335,127,335,216,0,216,Paid,2024-10-22
336,128,336,1952,100,1852,Paid,2023-06-16
337,18,337,1150,500,650,Paid,2025-06-26
338,294,338,17277,100,17177,Paid,2024-08-21
339,44,339,20568,0,20568,Paid,2024-02-17
340,270,340,991,0,991,Pending,
341,282,341,429,0,429,Paid,2025-06-16
342,114,342,306,0,306,Pending,
343,60,343,67561,0,67561,Pending,
344,160,344,1294,0,1294,Paid,2023-04-05
345,297,345,487,0,487,Paid,2023-05-13
346,214,346,2322,0,2322,Paid,2023-02-11
347,269,347,1180,0,1180,Paid,2023-08-10
348,264,348,958,0,958,Paid,2023-09-01
349,150,349,429,0,429,Partially Paid,2025-02-01
350,42,350,505,0,505,Paid,2023-10-31
351,160,351,1234,500,734,Pending,
352,6,352,530,0,530,Pending,
353,201,353,1000,0,1000,Paid,2024-08-26
354,80,354,1268,0,1268,Partially Paid,2023-04-19
355,248,355,1032,0,1032,Paid,2024-12-28
356,173,356,1783,100,1683,Insurance,
357,182,357,1276,0,1276,Partially Paid,2023-06-15
358,117,358,1100,100,1000,Paid,2024-06-04
359,171,359,898,0,898,Pending,
360,60,360,58009,0,58009,Paid,2024-11-27
361,106,361,593,0,593,Pending,
362,22,362,2815,0,2815,Paid,2024-02-01
363,227,363,58664,0,58664,Paid,2023-07-12
364,152,364,349,0,349,Paid,2024-07-06
365,191,365,594,0,594,Paid,2024-05-14
366,29,366,1234,0,1234,Paid,2023-12-20
367,32,367,1138,0,1138,Paid,2023-11-09
368,298,368,4793,0,4793,Paid,2023-08-14
369,29,369,708,0,708,Paid,2023-04-05
370,204,370,970,0,970,Paid,2025-01-11
371,257,371,50784,0,50784,Pending,
372,77,372,71418,0,71418,Partially Paid,2023-05-24
373,166,373,357,0,357,Paid,2024-07-09
374,58,374,1134,500,634,Paid,2024-08-13
375,128,375,3648,0,3648,Paid,2023-08-01
376,191,376,2192,0,2192,Partially Paid,2024-07-12
377,91,377,1197,0,1197,Paid,2023-10-18
378,188,378,953,0,953,Paid,2025-05-27
379,212,379,1525,0,1525,Paid,2024-12-10
380,83,380,1261,0,1261,Paid,2024-10-19
381,106,381,1393,200,1193,Paid,2023-08-19
382,179,382,1913,100,1813,Paid,2023-08-18
383,228,383,202,0,202,Paid,2023-11-28
384,194,384,1555,0,1555,Insurance,
385,28,385,2268,0,2268,Paid,2024-10-09
386,93,386,505,0,505,Paid,2023-02-28
387,15,387,605,0,605,Paid,2023-03-01
388,136,388,1055,500,555,Paid,2024-09-30
389,158,389,1629,500,1129,Pending,
390,150,390,939,0,939,Pending,
391,282,391,975,0,975,Paid,2024-11-26
392,62,392,2292,0,2292,Pending,
393,163,393,339,0,339,Paid,2024-07-27
394,166,394,480,0,480,Insurance,
395,262,395,40779,500,40279,Pending,
396,28,396,1954,0,1954,Paid,2025-03-06
397,64,397,2375,0,2375,Partially Paid,2024-08-09
398,18,398,6228,0,6228,Paid,2024-07-12
399,258,399,722,0,722,Paid,2023-02-08
400,235,400,839,0,839,Paid,2025-09-18
401,150,401,305,0,305,Pending,
402,247,402,2240,0,2240,Paid,2023-11-29
403,63,403,770,0,770,Paid,2023-09-09
404,159,404,1911,500,1411,Partially Paid,2023-10-14
405,136,405,1375,200,1175,Paid,2025-05-26
406,281,406,1267,200,1067,Paid,2024-11-26
407,75,407,1163,0,1163,Paid,2023-04-01
408,25,408,1078,0,1078,Insurance,
409,149,409,37910,0,37910,Paid,2024-04-26
410,239,410,5391,0,5391,Paid,2024-01-30
411,216,411,1042,100,942,Paid,2025-07-03
412,223,412,6693,0,6693,Paid,2024-02-20
413,73,413,3561,0,3561,Pending,
414,81,414,1100,100,1000,Paid,2023-09-22
415,174,415,435,0,435,Pending,
416,58,416,1415,200,1215,Pending,
417,161,417,1867,100,1767,Paid,2025-06-05
418,14,418,761,0,761,Paid,2024-09-05
419,55,419,2510,0,2510,Pending,
420,130,420,980,0,980,Paid,2024-02-05
421,142,421,785,0,785,Paid,2023-06-10
422,102,422,1263,0,1263,Paid,2023-05-19
423,158,423,65090,0,65090,Paid,2024-10-22
424,194,424,3296,200,3096,Paid,2025-07-21
425,238,425,1888,0,1888,Paid,2023-06-14
426,190,426,447,0,447,Paid,2024-07-09
427,226,427,524,0,524,Paid,2024-10-11
428,27,428,2459,100,2359,Insurance,
429,152,429,766,0,766,Partially Paid,2025-08-29
430,58,430,514,0,514,Paid,2024-01-05
431,64,431,754,0,754,Pending,
432,63,432,952,0,952,Paid,2025-06-06
433,297,433,562,0,562,Paid,2023-08-21
434,115,434,19168,0,19168,Paid,2024-04-06
435,240,435,7643,0,7643,Paid,2023-12-09
436,80,436,627,0,627,Paid,2023-07-11
437,281,437,275,0,275,Paid,2025-09-02
438,241,438,1413,0,1413,Pending,
439,190,439,2805,0,2805,Paid,2023-01-26
440,218,440,818,0,818,Paid,2023-07-19
441,77,441,3977,100,3877,Insurance,
442,237,442,24647,0,24647,Paid,2023-01-12
443,92,443,701,0,701,Partially Paid,2023-10-05
444,296,444,747,0,747,Paid,2023-03-02
445,41,445,937,0,937,Pending,
446,144,446,1180,0,1180,Paid,2025-02-13
447,260,447,5549,100,5449,Paid,2023-02-23
448,226,448,3454,200,3254,Paid,2024-04-23
449,276,449,2614,100,2514,Paid,2025-09-02
450,107,450,456,0,456,Paid,2023-12-23
451,166,451,1260,0,1260,Paid,2024-11-14
452,9,452,561,0,561,Paid,2024-09-26
453,200,453,671,0,671,Paid,2023-05-16
454,36,454,3288,0,3288,Paid,2024-12-26
455,176,455,2629,500,2129,Paid,2025-03-20
456,96,456,964,0,964,Paid,2024-09-05
457,115,457,2551,0,2551,Paid,2023-09-25
458,43,458,33011,100,32911,Paid,2023-01-27
459,222,459,3573,0,3573,Paid,2025-08-22
460,188,460,645,0,645,Paid,2025-04-14
461,106,461,1198,0,1198,Pending,
462,171,462,1401,0,1401,Pending,
463,294,463,1980,500,1480,Paid,2025-07-31
464,115,464,1178,200,978,Paid,2025-06-10
465,244,465,1392,0,1392,Partially Paid,2025-06-24
466,7,466,2379,0,2379,Paid,2023-07-10
467,208,467,1055,100,955,Paid,2023-04-04
468,257,468,1804,100,1704,Pending,
469,295,469,1393,200,1193,Partially Paid,2025-07-17
470,159,470,4778,0,4778,Paid,2024-12-15
471,165,471,793,0,793,Paid,2025-08-07
472,195,472,477,0,477,Paid,2024-12-12
473,13,473,2146,0,2146,Paid,2025-01-14
474,48,474,535,0,535,Paid,2023-04-26
475,110,475,2772,0,2772,Pending,
476,123,476,524,0,524,Paid,2024-05-26
477,162,477,1872,0,1872,Pending,
478,295,478,1014,0,1014,Paid,2025-04-03
479,267,479,711,0,711,Paid,2025-02-22
480,280,480,478,0,478,Pending,
481,298,481,3996,100,3896,Paid,2025-09-29
482,215,482,843,0,843,Paid,2023-05-24
483,6,483,208,0,208,Partially Paid,2025-03-01
484,122,484,2953,100,2853,Paid,2025-04-22
