patient_id,first_name,last_name,gender,age,phone,address,blood_group,registration_date
1,Neha,Joshi,F,28,9314091295,Bengaluru,B+,2023-12-10
2,Pooja,Mishra,F,42,9381914774,Varanasi,B-,2024-10-08
3,Ritu,Verma,F,16,9714201903,Delhi,A-,2023-05-19
4,Rajesh,Verma,M,84,9601678244,Chennai,AB-,2024-06-17
5,Suresh,Verma,M,12,9504368394,Hyderabad,O+,2024-08-20
6,Priya,Sharma,F,45,9344311246,Chennai,AB+,2023-04-20
7,Ravi,Mishra,M,8,9856190205,Lucknow,A-,2024-02-01
8,Suresh,Pandey,M,71,9959755041,Mumbai,AB-,2023-09-29
9,Kavya,Joshi,F,61,9977525199,Agra,AB-,2023-03-30
10,Ravi,Mishra,M,16,9040988413,Pune,A+,2024-10-18
11,Kabir,Joshi,M,29,9460813353,Lucknow,AB+,2023-05-06
12,Aarav,Reddy,M,84,9433559846,Kanpur,AB-,2023-08-28
13,Sanjay,Reddy,M,25,9235958067,Chennai,O-,2024-04-12
14,Neha,Patel,F,89,9458345697,Kanpur,AB+,2023-06-30
15,Diya,Mishra,F,85,9227318897,Mumbai,AB-,2023-04-25
16,Aditya,Rao,M,86,9929810197,Pune,O-,2024-02-16
17,Karan,Tiwari,M,48,9586167112,Pune,B+,2023-10-20
18,Aditya,Gupta,M,4,9350650596,Agra,A-,2024-10-18
19,Ravi,Chauhan,M,53,9797152728,Bengaluru,A+,2024-08-06
20,Arjun,Tiwari,M,82,9829682570,Bengaluru,O-,2023-10-15
21,Sai,Singh,M,60,9699622476,Kanpur,A+,2024-02-12
22,Neha,Yadav,F,79,9456243158,Pune,AB-,2023-01-01
23,Ananya,Kumar,F,15,9518810182,Chennai,AB+,2024-10-22
24,Kiran,Das,F,81,9098708251,Delhi,O+,2024-07-25
25,Aditya,Patel,M,7,9016640753,Chennai,A-,2023-10-28
26,Sanjay,Kumar,M,85,9832055285,Bengaluru,A-,2023-04-09
27,Vikram,Chauhan,M,82,9238685958,Pune,AB-,2023-08-19
28,Sanjay,Rao,M,71,9627158436,Chennai,B-,2023-12-13
29,Sai,Joshi,M,90,9095183226,Hyderabad,A-,2023-11-08
30,Vikram,Singh,M,64,9868418487,Varanasi,B+,2024-12-18
31,Diya,Verma,F,7,9425125776,Varanasi,O+,2024-06-06
32,Diya,Chauhan,F,84,9619279434,Pune,O-,2023-01-22
33,Diya,Gupta,F,60,9208167316,Varanasi,A-,2024-01-10
34,Neha,Mishra,F,85,9455442648,Varanasi,A+,2024-03-13
35,Sanjay,Rao,M,46,9404738143,Lucknow,B-,2024-09-15
36,Ritu,Pandey,F,73,9625637953,Bengaluru,A-,2024-10-10
37,Suresh,Verma,M,55,9624969324,Pune,B+,2023-11-27
38,Arjun,Kumar,M,51,9854298745,Delhi,B+,2024-09-26
39,Amit,Yadav,M,21,9758917102,Varanasi,A+,2023-04-25
40,Sai,Mishra,M,80,9805680049,Agra,O-,2023-05-14
41,Sneha,Rao,F,30,9059723478,Bengaluru,AB+,2024-11-10
42,Suresh,Patel,M,66,9380507611,Varanasi,O+,2023-12-24
43,Aarav,Tiwari,M,84,9470770047,Mumbai,B-,2023-03-16
44,Sanjay,Mishra,M,10,9114758366,Bengaluru,A-,2023-12-29
45,Diya,Joshi,F,69,9749985374,Lucknow,A+,2023-12-22
46,Sai,Singh,M,67,9757503126,Delhi,A+,2024-01-06
47,Aditya,Das,M,51,9108054592,Agra,AB+,2023-06-03
48,Ananya,Mishra,F,78,9099169050,Chennai,O+,2023-03-25
49,Suresh,Kumar,M,79,9399119915,Delhi,B+,2024-07-21
50,Ravi,Joshi,M,85,9109051341,Kanpur,AB+,2024-02-28
51,Ritu,Reddy,F,15,9174954863,Chennai,B-,2024-01-10
52,Rahul,Reddy,M,59,9301546681,Delhi,AB+,2023-03-07
53,Ravi,Reddy,M,11,9679320178,Delhi,A+,2024-01-15
54,Rajesh,Reddy,M,68,9407158501,Mumbai,A+,2024-06-22
55,Riya,Patel,F,29,9215450343,Chennai,AB-,2024-12-10
56,Aditya,Patel,M,3,9138511946,Chennai,O+,2024-11-30
57,Kabir,Mishra,M,85,9447624362,Bengaluru,AB+,2023-03-11
58,Priya,Patel,F,40,9198595480,Bengaluru,B+,2024-04-28
59,Ravi,Patel,M,90,9928925683,Bengaluru,A-,2023-04-04
60,Rohan,Verma,M,11,9230135541,Bengaluru,B-,2023-10-08
61,Sanjay,Gupta,M,1,9032319489,Agra,AB-,2023-02-19
62,Neha,Singh,F,56,9082784344,Mumbai,O+,2024-06-01
63,Priya,Kumar,F,21,9986929037,Chennai,AB+,2024-04-29
64,Vihaan,Tiwari,M,38,9806963512,Hyderabad,O+,2024-10-31
65,Rahul,Pandey,M,14,9182146420,Lucknow,A+,2024-09-27
66,Sanjay,Gupta,M,62,9385171798,Pune,B-,2024-08-11
67,Meera,Pandey,F,3,9939148699,Pune,A-,2024-11-14
68,Nisha,Verma,F,27,9257501266,Kanpur,O+,2023-03-13
69,Vikram,Tiwari,M,46,9775906228,Kanpur,O-,2024-05-04
70,Amit,Patel,M,52,9618604126,Varanasi,AB-,2024-09-07
71,Aarav,Rao,M,64,9504577910,Agra,A-,2023-02-04
72,Ravi,Reddy,M,81,9597717287,Agra,B-,2023-09-13
73,Priya,Kumar,F,66,9781006740,Lucknow,A+,2024-05-30
74,Ananya,Sharma,F,5,9479620193,Agra,A-,2024-11-25
75,Rahul,Singh,M,19,9961458773,Kanpur,A-,2024-02-18
76,Arjun,Patel,M,64,9587961869,Hyderabad,O-,2024-05-24
77,Riya,Yadav,F,54,9750337004,Chennai,B-,2024-04-23
78,Aditya,Singh,M,4,9478063788,Delhi,O-,2024-08-17
79,Ritu,Yadav,F,82,9279983332,Hyderabad,B-,2023-11-13
80,Amit,Yadav,M,54,9920967235,Delhi,O+,2024-01-04
81,Vihaan,Das,M,66,9492012234,Kanpur,AB-,2024-03-06
82,Vihaan,Sharma,M,25,9237761472,Kanpur,A-,2023-01-17
83,Karan,Pandey,M,82,9218238494,Varanasi,O-,2023-01-14
84,Ravi,Tiwari,M,86,9876571813,Chennai,O-,2024-05-21
85,Rahul,Joshi,M,78,9451096949,Lucknow,B-,2024-10-11
86,Ritu,Verma,F,1,9215472112,Mumbai,O-,2024-04-23
87,Sanjay,Verma,M,52,9766843145,Lucknow,O+,2023-09-28
88,Sai,Yadav,M,80,9722704084,Chennai,A-,2023-02-04
89,Rahul,Mishra,M,77,9408474876,Hyderabad,AB+,2023-06-20
90,Anjali,Reddy,F,54,9403059239,Kanpur,B+,2024-07-19
91,Karan,Yadav,M,59,9347565644,Pune,O-,2023-12-26
92,Sneha,Tiwari,F,90,9641165392,Agra,A+,2023-03-11
93,Amit,Mishra,M,38,9547372107,Varanasi,AB+,2023-02-13
94,Neha,Chauhan,F,11,9658694628,Hyderabad,A+,2023-08-14
95,Rahul,Das,M,78,9414880046,Varanasi,B+,2024-10-23
96,Vihaan,Reddy,M,13,9506507231,Varanasi,A-,2024-08-24
97,Amit,Gupta,M,26,9700764474,Hyderabad,AB-,2023-04-26
98,Suresh,Yadav,M,37,9169082733,Lucknow,B-,2023-06-04
99,Karan,Das,M,79,9859745193,Agra,A-,2024-02-15
100,Swati,Rao,F,31,9751066216,Lucknow,AB+,2024-02-15
101,Rajesh,Rao,M,16,9305823402,Agra,A+,2024-01-29
102,Suresh,Reddy,M,72,9953498365,Bengaluru,AB-,2024-02-23
103,Arjun,Verma,M,10,9033205997,Hyderabad,AB-,2023-07-27
104,Anjali,Mishra,F,62,9415405530,Delhi,B+,2024-12-23
105,Rohan,Chauhan,M,7,9048319091,Agra,B-,2023-10-27
106,Diya,Yadav,F,66,9954235454,Mumbai,AB-,2024-09-09
107,Vihaan,Joshi,M,67,9706548320,Chennai,AB+,2023-12-23
108,Ananya,Reddy,F,70,9919673274,Hyderabad,AB-,2024-02-13
109,Pooja,Gupta,F,11,9430172514,Lucknow,O-,2023-10-26
110,Priya,Chauhan,F,9,9369682985,Pune,AB-,2024-08-31
111,Ananya,Singh,F,39,9439352353,Kanpur,O-,2024-03-10
112,Sai,Rao,M,83,9088021027,Agra,B+,2023-01-22
113,Neha,Reddy,F,25,9374011914,Mumbai,B-,2024-03-09
114,Sai,Verma,M,33,9456880057,Agra,B-,2024-05-06
115,Vikram,Kumar,M,31,9909623524,Lucknow,B-,2024-06-01
116,Sanjay,Verma,M,40,9225037546,Lucknow,O+,2024-08-05
117,Kiran,Tiwari,F,48,9199875265,Delhi,AB+,2023-09-06
118,Meera,Tiwari,F,17,9458304397,Pune,A-,2024-11-01
119,Neha,Gupta,F,41,9769612108,Varanasi,B-,2023-09-07
120,Vikram,Chauhan,M,33,9064511467,Bengaluru,B+,2024-10-09
121,Rohan,Pandey,M,58,9054011256,Lucknow,A+,2023-07-15
122,Aarav,Mishra,M,78,9857863644,Agra,A-,2024-10-04
123,Rahul,Reddy,M,51,9029463681,Delhi,A-,2023-02-07
124,Pooja,Das,F,2,9925662752,Varanasi,O+,2023-08-16
125,Aditi,Gupta,F,56,9998071021,Chennai,A+,2023-03-05
126,Neha,Reddy,F,64,9100514465,Pune,B-,2024-11-18
127,Neha,Rao,F,78,9832397537,Chennai,AB-,2024-02-20
128,Neha,Verma,F,88,9300897341,Pune,O+,2024-12-13
129,Karan,Chauhan,M,65,9376141774,Hyderabad,AB-,2024-01-16
130,Karan,Joshi,M,13,9986912816,Lucknow,B-,2024-12-13
131,Swati,Patel,F,77,9876223261,Chennai,A-,2023-03-20
132,Aarav,Joshi,M,78,9465230338,Pune,O+,2023-07-12
133,Anjali,Patel,F,53,9958365033,Varanasi,O+,2024-09-03
134,Sneha,Joshi,F,21,9632217075,Mumbai,O+,2024-12-17
135,Sneha,Kumar,F,44,9448078503,Delhi,O-,2023-09-12
136,Sneha,Chauhan,F,5,9990222469,Chennai,A-,2024-06-16
137,Ritu,Rao,F,21,9478356737,Pune,B+,2024-02-04
138,Ananya,Gupta,F,40,9998952535,Mumbai,O+,2024-09-12
139,Nisha,Singh,F,77,9902524646,Mumbai,O-,2024-03-06
140,Sneha,Pandey,F,49,9092778716,Kanpur,O-,2023-01-13
141,Ravi,Das,M,86,9231544472,Hyderabad,O+,2023-02-05
142,Swati,Kumar,F,8,9375349676,Kanpur,A-,2023-09-07
143,Diya,Singh,F,17,9824310831,Pune,A-,2023-04-26
144,Ananya,Tiwari,F,55,9035695379,Bengaluru,B+,2024-01-23
145,Kabir,Patel,M,65,9533010403,Lucknow,AB+,2024-11-21
146,Rohan,Rao,M,20,9620675336,Bengaluru,O+,2024-09-22
147,Rahul,Patel,M,15,9739931840,Lucknow,A-,2023-12-13
148,Swati,Joshi,F,61,9374587136,Kanpur,B-,2024-07-20
149,Aarav,Mishra,M,30,9901492697,Bengaluru,B+,2023-07-18
150,Pooja,Rao,F,30,9288063696,Delhi,AB-,2023-08-05
151,Meera,Yadav,F,56,9639529829,Mumbai,O-,2023-01-19
152,Anjali,Reddy,F,47,9603363331,Agra,O+,2023-03-29
153,Pooja,Patel,F,71,9816688929,Bengaluru,B+,2023-05-19
154,Amit,Das,M,68,9183574944,Agra,A-,2024-06-02
155,Aarav,Mishra,M,22,9610243715,Delhi,B+,2024-05-10
156,Diya,Tiwari,F,47,9273401726,Agra,O+,2024-08-27
157,Anjali,Verma,F,59,9895593014,Varanasi,O+,2023-07-21
158,Aditya,Gupta,M,45,9792447973,Agra,O+,2024-05-13
159,Aarav,Reddy,M,69,9540660302,Pune,A-,2024-11-29
160,Aditya,Singh,M,65,9567881032,Bengaluru,O-,2024-12-29
161,Karan,Gupta,M,75,9776502563,Delhi,B-,2023-01-12
162,Nisha,Patel,F,54,9432908441,Agra,O-,2024-01-31
163,Neha,Verma,F,68,9078969886,Chennai,A-,2023-05-21
164,Priya,Joshi,F,69,9955118823,Chennai,AB-,2024-02-04
165,Suresh,Reddy,M,66,9134538101,Hyderabad,AB+,2023-01-02
166,Ananya,Joshi,F,70,9170428789,Bengaluru,O-,2024-12-29
167,Kabir,Tiwari,M,84,9029378806,Varanasi,O+,2024-07-11
168,Aditi,Das,F,18,9189978479,Delhi,AB-,2023-12-16
169,Ananya,Gupta,F,41,9952133807,Delhi,B+,2024-08-25
170,Aditi,Kumar,F,44,9182054713,Agra,AB+,2024-07-01
171,Priya,Das,F,44,9461468395,Hyderabad,A+,2024-11-14
172,Diya,Reddy,F,38,9086234613,Pune,B-,2024-04-19
173,Kabir,Mishra,M,31,9783461821,Bengaluru,AB+,2023-07-31
174,Ritu,Tiwari,F,17,9454679621,Bengaluru,AB-,2024-01-12
175,Suresh,Reddy,M,71,9987389101,Delhi,A-,2023-09-07
176,Rajesh,Singh,M,15,9732539902,Mumbai,AB-,2024-01-07
177,Rajesh,Gupta,M,78,9325299703,Pune,AB-,2024-06-10
178,Diya,Singh,F,70,9171306275,Varanasi,O-,2023-04-18
179,Vihaan,Das,M,64,9740097235,Bengaluru,B+,2023-10-04
180,Diya,Das,F,79,9430416579,Bengaluru,O-,2024-05-23
181,Ritu,Reddy,F,47,9292825536,Varanasi,B-,2023-12-12
182,Sanjay,Verma,M,24,9436720936,Mumbai,A+,2024-03-02
183,Anjali,Rao,F,52,9268592282,Pune,B+,2023-02-27
184,Aditya,Mishra,M,59,9699531942,Varanasi,O+,2024-07-16
185,Kavya,Chauhan,F,57,9573985725,Pune,B-,2024-08-22
186,Aditi,Mishra,F,46,9111702377,Mumbai,A-,2024-05-01
187,Kabir,Kumar,M,2,9982701168,Mumbai,O-,2023-01-16
188,Priya,Yadav,F,59,9087214093,Lucknow,AB+,2024-09-02
189,Nisha,Verma,F,39,9862101948,Mumbai,A+,2023-04-28
190,Amit,Chauhan,M,10,9298491837,Agra,A+,2023-10-25
191,Karan,Kumar,M,49,9611688811,Bengaluru,B-,2023-06-14
192,Neha,Pandey,F,12,9858741694,Bengaluru,B+,2024-08-28
193,Aditi,Singh,F,58,9431704822,Mumbai,B-,2023-07-03
194,Aarav,Tiwari,M,44,9275920004,Mumbai,A-,2023-10-10
195,Rahul,Tiwari,M,38,9167390091,Varanasi,AB-,2024-06-10
196,Aditi,Patel,F,18,9924055019,Lucknow,O+,2023-02-06
197,Anjali,Tiwari,F,63,9330245887,Varanasi,O-,2023-01-23
198,Rahul,Das,M,2,9774983788,Varanasi,B-,2024-07-20
199,Diya,Kumar,F,49,9795724438,Agra,O+,2023-12-17
200,Riya,Gupta,F,42,9571637844,Bengaluru,B+,2023-08-27
201,Aditi,Sharma,F,30,9978567490,Chennai,O+,2023-01-31
202,Riya,Kumar,F,19,9998121131,Hyderabad,O+,2024-11-29
203,Riya,Yadav,F,26,9958887176,Kanpur,O+,2023-04-14
204,Neha,Rao,F,71,9568709979,Delhi,B+,2024-09-03
205,Aarav,Kumar,M,45,9193645137,Varanasi,O-,2024-08-29
206,Aditi,Patel,F,83,9165230287,Hyderabad,A-,2024-08-27
207,Vihaan,Chauhan,M,14,9275462554,Delhi,B+,2023-10-15
208,Priya,Sharma,F,6,9452224928,Hyderabad,B-,2024-11-24
209,Sanjay,Joshi,M,21,9079291579,Lucknow,O-,2023-09-07
210,Meera,Chauhan,F,12,9548614807,Agra,AB-,2024-08-06
211,Nisha,Mishra,F,37,9929841722,Delhi,B-,2024-07-23
212,Ananya,Joshi,F,17,9507463971,Varanasi,O+,2024-11-15
213,Ananya,Yadav,F,68,9944150006,Lucknow,B+,2023-12-14
214,Neha,Chauhan,F,57,9955215204,Delhi,B-,2024-06-22
215,Riya,Tiwari,F,10,9375720600,Delhi,O+,2024-01-29
216,Rajesh,Verma,M,64,9671456537,Delhi,O-,2023-10-30
217,Swati,Das,F,84,9690729579,Chennai,O-,2024-09-30
218,Anjali,Kumar,F,24,9074229476,Bengaluru,A-,2024-01-06
219,Pooja,Pandey,F,80,9864143367,Pune,AB-,2024-09-06
220,Aditya,Joshi,M,20,9249750931,Chennai,B-,2023-08-15
221,Rajesh,Pandey,M,83,9008987734,Delhi,B-,2024-03-21
222,Meera,Gupta,F,88,9090900518,Bengaluru,A-,2023-09-19
223,Vihaan,Chauhan,M,6,9732302658,Bengaluru,A-,2024-05-01
224,Rajesh,Yadav,M,39,9685756719,Kanpur,A-,2024-04-02
225,Kabir,Kumar,M,10,9079860603,Varanasi,AB+,2024-12-09
226,Sanjay,Gupta,M,51,9321024543,Chennai,B-,2023-04-06
227,Pooja,Sharma,F,5,9139497814,Hyderabad,A-,2023-08-12
228,Rajesh,Singh,M,83,9349844799,Kanpur,O-,2024-11-25
229,Suresh,Verma,M,53,9831266820,Chennai,B+,2024-11-23
230,Rahul,Patel,M,64,9820533012,Lucknow,O+,2024-11-07
231,Meera,Pandey,F,32,9194882527,Agra,A-,2023-11-07
232,Arjun,Das,M,55,9943122247,Agra,A-,2024-10-21
233,Aditya,Kumar,M,69,9369399324,Kanpur,O-,2024-08-04
234,Aditya,Das,M,31,9641035853,Varanasi,B+,2023-06-18
235,Arjun,Verma,M,27,9061059323,Bengaluru,O+,2024-05-28
236,Diya,Reddy,F,69,9640487994,Pune,AB+,2024-09-06
237,Kavya,Patel,F,11,9751185473,Lucknow,AB+,2023-11-04
238,Priya,Pandey,F,4,9228007662,Pune,O+,2024-03-12
239,Ananya,Gupta,F,48,9855372065,Chennai,B-,2023-05-15
240,Meera,Mishra,F,5,9980325452,Hyderabad,A-,2024-05-02
241,Amit,Rao,M,5,9956993805,Kanpur,A-,2024-11-07
242,Vikram,Mishra,M,79,9691784828,Agra,B-,2024-08-09
243,Neha,Rao,F,63,9231490976,Chennai,A-,2023-05-17
244,Diya,Sharma,F,43,9324884931,Chennai,B+,2024-06-09
245,Karan,Sharma,M,10,9803912475,Hyderabad,B-,2023-04-26
246,Swati,Sharma,F,61,9872101014,Chennai,B+,2024-01-24
247,Kabir,Chauhan,M,56,9846569743,Pune,B-,2024-03-22
248,Diya,Gupta,F,68,9955202435,Lucknow,AB+,2023-12-01
249,Kabir,Mishra,M,55,9409309765,Mumbai,B-,2024-07-22
250,Ritu,Pandey,F,84,9029040749,Lucknow,B+,2023-02-26
251,Riya,Rao,F,14,9486434534,Hyderabad,O+,2024-03-17
252,Meera,Sharma,F,11,9259581872,Mumbai,A+,2023-12-02
253,Kiran,Kumar,F,84,9218878504,Agra,O+,2024-10-15
254,Sai,Pandey,M,29,9449421734,Agra,A-,2023-03-04
255,Ananya,Rao,F,32,9177330922,Pune,AB-,2024-01-25
256,Pooja,Patel,F,8,9511282328,Delhi,B+,2023-02-12
257,Sneha,Chauhan,F,42,9663091326,Bengaluru,O-,2024-09-01
258,Sai,Yadav,M,50,9731171423,Mumbai,A-,2024-03-22
259,Meera,Chauhan,F,24,9046463948,Bengaluru,AB-,2023-05-23
260,Rajesh,Gupta,M,5,9016995432,Mumbai,A+,2024-04-29
261,Karan,Das,M,16,9058663118,Mumbai,AB+,2024-05-03
262,Anjali,Chauhan,F,90,9095206664,Kanpur,A+,2024-02-24
263,Vikram,Tiwari,M,41,9323852119,Varanasi,O-,2024-04-14
264,Vikram,Verma,M,25,9084579487,Delhi,AB-,2024-01-31
265,Karan,Chauhan,M,21,9727906614,Hyderabad,AB-,2023-12-28
266,Aarav,Joshi,M,40,9366042910,Hyderabad,B-,2024-04-25
267,Ritu,Joshi,F,32,9503685143,Chennai,O+,2024-07-12
268,Aditya,Pandey,M,26,9184659702,Delhi,A-,2024-08-08
269,Rajesh,Joshi,M,68,9514679044,Chennai,B-,2024-07-20
270,Ravi,Kumar,M,18,9906675999,Agra,A-,2024-12-13
271,Rajesh,Tiwari,M,43,9738649784,Chennai,A-,2024-12-31
272,Swati,Singh,F,57,9596114185,Pune,A-,2024-11-25
273,Aditya,Joshi,M,74,9556201390,Kanpur,A-,2024-03-25
274,Karan,Singh,M,16,9549222542,Varanasi,O+,2023-02-03
275,Kabir,Gupta,M,9,9138402646,Delhi,AB-,2023-05-29
276,Vihaan,Verma,M,85,9337016558,Hyderabad,O-,2023-03-10
277,Karan,Verma,M,49,9183438001,Varanasi,A-,2024-01-02
278,Priya,Patel,F,70,9228393343,Lucknow,A-,2023-09-30
279,Sai,Tiwari,M,82,9743033047,Lucknow,AB+,2024-04-06
280,Aarav,Verma,M,13,9480233993,Lucknow,AB-,2024-11-08
281,Aditya,Verma,M,57,9068642979,Varanasi,O-,2023-08-11
282,Kavya,Singh,F,46,9665360789,Bengaluru,A-,2024-08-22
283,Diya,Reddy,F,43,9843784888,Agra,O+,2023-10-19
284,Riya,Verma,F,66,9902300727,Bengaluru,O-,2024-12-30
285,Vikram,Singh,M,66,9737704848,Hyderabad,B+,2024-03-06
286,Kiran,Chauhan,F,50,9638514260,Pune,A+,2023-01-19
287,Diya,Mishra,F,15,9510863988,Kanpur,AB-,2024-09-15
288,Arjun,Singh,M,48,9862534012,Varanasi,A-,2023-06-24
289,Meera,Gupta,F,38,9083412468,Lucknow,O+,2023-07-22
290,Sai,Patel,M,14,9981682084,Mumbai,B-,2024-03-26
291,Rohan,Sharma,M,47,9156298837,Bengaluru,A+,2024-02-09
292,Aditi,Joshi,F,39,9077995698,Hyderabad,B+,2023-07-14
293,Karan,Chauhan,M,15,9900141148,Hyderabad,B-,2024-07-04
294,Kabir,Mishra,M,17,9644088441,Pune,B+,2023-09-02
295,Nisha,Joshi,F,63,9246220855,Delhi,A-,2024-04-01
296,Meera,Tiwari,F,65,9054730676,Varanasi,B+,2023-04-12
297,Ravi,Sharma,M,28,9430134141,Varanasi,B+,2024-08-28
298,Rajesh,Mishra,M,45,9108459032,Lucknow,O-,2024-04-09
299,Aditya,Sharma,M,35,9734289450,Kanpur,O+,2024-09-23
300,Rohan,Sharma,M,9,9885677704,Delhi,O+,2024-08-30
