treatment_id,appointment_id,treatment_type,treatment_date,cost
1,195,Ultrasound,2024-12-22,1494
2,131,MRI,2025-01-04,6722
3,170,X-Ray,2024-06-25,1397
4,299,Therapy,2024-11-09,1156
5,457,Therapy,2023-08-25,2050
6,233,Consultation,2024-06-07,1497
7,764,Blood Test,2025-01-20,261
8,247,Surgery,2024-10-18,76184
9,464,Ultrasound,2024-02-27,1812
10,124,Blood Test,2025-01-19,978
11,628,Ultrasound,2024-09-18,1758
12,795,Blood Test,2025-09-23,903
13,235,Consultation,2023-04-14,1023
14,7,X-Ray,2023-03-28,812
15,238,Vaccination,2024-01-25,1893
16,120,Therapy,2024-11-13,2023
17,291,Vaccination,2025-04-19,2142
18,660,Surgery,2023-03-08,41449
19,721,Therapy,2024-10-26,2355
20,791,Lab Test,2023-05-26,515
21,117,Lab Test,2023-08-18,1246
22,151,Follow-up,2025-02-12,446
23,264,Follow-up,2023-07-18,492
24,661,Blood Test,2023-11-16,700
25,737,MRI,2025-01-25,4516
26,24,Therapy,2024-02-01,3655
27,781,MRI,2023-06-28,4926
28,97,Follow-up,2024-07-30,754
29,61,Ultrasound,2023-11-17,869
30,762,Blood Test,2024-12-13,227
31,792,Surgery,2023-08-12,21799
32,366,Blood Test,2024-04-24,854
33,787,Vaccination,2025-01-23,2892
34,48,Consultation,2024-10-16,1216
35,636,Follow-up,2024-02-14,418
36,609,Follow-up,2024-03-20,641
37,68,Consultation,2025-06-28,850
38,676,Vaccination,2023-03-23,1325
39,431,Surgery,2024-04-19,28582
40,230,MRI,2024-01-29,6985
41,596,Blood Test,2024-09-30,703
42,163,MRI,2023-06-15,3645
43,749,Blood Test,2024-12-14,756
44,719,MRI,2025-01-15,6488
45,780,Lab Test,2024-06-05,653
46,771,Vaccination,2023-08-01,1549
47,772,Follow-up,2023-07-10,330
48,638,Ultrasound,2025-05-24,990
49,261,Ultrasound,2023-10-02,1950
50,775,Consultation,2024-08-16,1171
51,565,X-Ray,2025-04-14,1355
52,530,Therapy,2024-07-03,3331
53,288,Vaccination,2024-05-11,1623
54,518,Therapy,2025-01-24,2068
55,385,Blood Test,2024-09-16,608
56,450,Blood Test,2024-09-06,464
57,738,Lab Test,2023-02-20,1106
58,256,Lab Test,2024-01-02,925
59,126,Blood Test,2025-05-21,618
60,52,Surgery,2023-03-19,38426
61,155,Follow-up,2023-03-08,540
62,274,Surgery,2024-07-11,59699
63,344,MRI,2023-08-08,6055
64,209,Vaccination,2024-04-16,2651
65,574,Ultrasound,2024-01-30,1244
66,446,Vaccination,2023-12-07,2116
67,332,Blood Test,2023-12-15,813
68,334,Ultrasound,2023-11-28,2481
69,400,Vaccination,2024-07-30,2905
70,640,X-Ray,2024-05-12,549
71,285,Therapy,2025-07-23,2353
72,613,Vaccination,2024-12-27,2273
73,478,Surgery,2025-08-27,79146
74,556,Vaccination,2023-07-21,2883
75,627,Blood Test,2023-12-28,339
76,568,MRI,2023-02-18,5864
77,728,X-Ray,2025-08-09,806
78,142,Surgery,2023-04-05,17332
79,699,MRI,2023-01-30,6583
80,224,X-Ray,2025-03-19,1408
81,643,Lab Test,2023-04-20,1769
82,320,MRI,2023-06-22,6371
83,706,Therapy,2025-01-25,2170
84,572,Consultation,2023-09-08,639
85,624,Vaccination,2025-08-21,2682
86,181,MRI,2023-08-03,6295
87,134,X-Ray,2025-04-12,1171
88,267,MRI,2024-06-05,4441
89,717,Follow-up,2023-03-02,401
90,367,Ultrasound,2023-04-14,1140
91,186,X-Ray,2023-10-10,760
92,753,Blood Test,2024-08-15,914
93,445,Follow-up,2023-09-19,697
94,228,Vaccination,2023-11-08,2167
95,378,Consultation,2024-08-26,799
96,695,Consultation,2023-01-04,1175
97,335,Blood Test,2023-10-13,624
98,714,Lab Test,2024-01-25,521
99,158,MRI,2023-08-18,4454
100,480,Blood Test,2023-07-18,278
101,793,Surgery,2025-02-12,31983
102,582,Lab Test,2023-02-14,377
103,369,Therapy,2025-02-18,4414
104,114,Ultrasound,2025-01-26,1233
105,651,Ultrasound,2024-11-12,1616
106,794,Therapy,2023-04-29,1243
107,330,MRI,2023-08-18,7190
108,96,Consultation,2024-11-18,1220
109,123,Surgery,2025-01-11,17685
110,517,MRI,2023-03-04,6475
111,662,Vaccination,2025-05-18,2186
112,160,Ultrasound,2025-02-05,2324
113,508,Therapy,2024-11-13,1012
114,284,Follow-up,2025-09-05,494
115,191,X-Ray,2024-09-10,687
116,509,Vaccination,2023-02-03,2102
117,474,Therapy,2023-12-05,2354
118,394,Ultrasound,2024-12-27,2148
119,632,Follow-up,2023-03-31,482
120,663,Consultation,2024-03-21,928
121,532,MRI,2024-01-17,5500
122,214,Ultrasound,2025-03-07,1561
123,346,Ultrasound,2025-01-10,1814
124,202,Follow-up,2023-03-03,540
125,468,Therapy,2025-03-19,4735
126,43,Ultrasound,2023-04-28,1607
127,83,Surgery,2024-04-24,19906
128,381,Consultation,2025-08-12,1466
129,72,MRI,2024-08-06,4542
130,165,Vaccination,2024-05-30,1714
131,653,Follow-up,2023-05-13,402
132,524,Lab Test,2025-07-20,1446
133,384,Blood Test,2023-09-29,853
134,101,Ultrasound,2025-08-15,1077
135,322,Blood Test,2023-09-14,468
136,30,X-Ray,2025-06-07,1466
137,562,MRI,2024-08-23,7382
138,618,Therapy,2024-05-14,1726
139,192,MRI,2025-06-13,5995
140,294,Therapy,2023-04-20,1716
141,118,Follow-up,2023-10-27,579
142,401,MRI,2024-10-17,3271
143,581,Vaccination,2025-05-29,1678
144,767,MRI,2025-07-24,3040
145,402,Therapy,2023-05-17,1486
146,585,Vaccination,2024-01-08,759
147,583,Lab Test,2024-03-15,490
148,387,Surgery,2024-10-14,32282
149,144,Surgery,2024-11-26,42522
150,373,MRI,2023-02-07,3759
151,416,Surgery,2024-12-09,28335
152,225,Lab Test,2024-10-18,1427
153,298,Therapy,2025-05-21,3835
154,584,Lab Test,2023-08-16,853
155,633,Follow-up,2024-08-21,571
156,109,Follow-up,2024-09-27,697
157,31,Ultrasound,2025-03-26,1613
158,324,Therapy,2024-03-02,3802
159,601,X-Ray,2024-02-10,1491
160,40,Therapy,2025-08-26,4979
161,507,Ultrasound,2024-01-04,2267
162,466,Vaccination,2024-09-03,1542
163,674,Follow-up,2023-03-15,509
164,245,Vaccination,2024-05-21,2470
165,187,Follow-up,2024-07-12,403
166,673,Surgery,2025-03-18,69409
167,326,Consultation,2025-01-13,973
168,306,Ultrasound,2025-06-02,2276
169,537,Blood Test,2023-10-27,979
170,797,Therapy,2023-05-01,1797
171,184,Ultrasound,2025-09-12,1175
172,597,Ultrasound,2023-02-10,2349
173,87,Lab Test,2024-12-10,1125
174,528,Vaccination,2024-06-03,1400
175,287,MRI,2023-02-02,6678
176,55,Ultrasound,2023-06-09,1531
177,34,Follow-up,2023-07-31,608
178,302,Lab Test,2024-10-29,1445
179,113,Follow-up,2025-05-21,729
180,232,Surgery,2025-01-23,21360
181,50,Lab Test,2023-11-28,1277
182,451,MRI,2023-09-20,3830
183,497,Lab Test,2023-02-16,1628
184,44,X-Ray,2024-03-09,1452
185,115,Consultation,2023-11-17,1208
186,389,Follow-up,2023-06-19,632
187,33,Ultrasound,2023-11-17,1884
188,293,Lab Test,2024-11-01,368
189,379,Ultrasound,2023-04-07,1955
190,102,Therapy,2023-11-01,2646
191,251,Therapy,2023-06-15,1006
192,49,Blood Test,2025-06-04,993
193,370,Consultation,2024-01-19,1148
194,744,Ultrasound,2023-12-07,1100
195,313,Lab Test,2023-12-23,809
196,421,X-Ray,2024-12-11,1319
197,270,Vaccination,2024-03-06,2535
198,110,Follow-up,2025-09-13,444
199,667,Lab Test,2024-04-03,1372
200,374,Therapy,2025-09-18,4716
201,398,Blood Test,2024-12-12,861
202,67,Follow-up,2024-02-15,683
203,460,Ultrasound,2024-09-01,1878
204,4,Lab Test,2024-06-19,1601
205,520,X-Ray,2023-08-15,1352
206,111,MRI,2023-03-16,4491
207,558,Vaccination,2024-06-19,686
208,455,Lab Test,2023-10-10,1509
209,598,Consultation,2023-06-15,1008
210,500,Therapy,2023-08-17,2385
211,418,MRI,2023-12-05,6208
212,442,Surgery,2024-09-02,15667
213,433,MRI,2025-04-06,4577
214,28,Lab Test,2024-12-17,1536
215,207,Follow-up,2024-04-03,440
216,626,Ultrasound,2023-05-02,2008
217,9,Therapy,2025-09-06,1510
218,656,Surgery,2024-08-01,72724
219,545,Surgery,2023-12-02,42471
220,80,Lab Test,2025-05-24,1270
221,231,MRI,2024-02-12,4644
222,502,MRI,2023-08-10,6421
223,769,Therapy,2024-11-15,4553
224,252,Ultrasound,2023-12-16,2428
225,272,X-Ray,2024-06-03,1426
226,665,MRI,2024-07-31,4046
227,722,Therapy,2023-06-13,1427
228,629,Blood Test,2025-05-30,594
229,639,MRI,2024-05-15,6669
230,58,Follow-up,2025-01-07,466
231,161,X-Ray,2024-10-21,1348
232,531,Lab Test,2024-08-23,1253
233,586,MRI,2023-08-26,4806
234,27,Ultrasound,2024-06-11,1491
235,105,Blood Test,2023-03-10,943
236,694,X-Ray,2023-01-15,1397
237,680,Vaccination,2024-05-30,2141
238,755,MRI,2024-11-12,4606
239,404,Surgery,2023-03-24,53736
240,472,Consultation,2024-05-30,1131
241,439,Consultation,2024-03-05,872
242,444,Ultrasound,2024-02-06,2030
243,78,Blood Test,2025-05-20,705
244,411,Surgery,2025-02-06,48901
245,20,Consultation,2023-05-24,776
246,355,Consultation,2025-02-19,528
247,608,Follow-up,2023-01-09,729
248,331,Ultrasound,2025-03-18,1510
249,745,Ultrasound,2023-10-20,2097
250,98,Therapy,2024-11-16,4675
251,659,Blood Test,2023-05-19,476
252,475,X-Ray,2024-05-23,950
253,290,Follow-up,2024-08-21,533
254,513,Blood Test,2023-07-07,408
255,227,Surgery,2023-03-28,31335
256,103,Blood Test,2023-01-11,480
257,315,Consultation,2024-08-20,790
258,211,Lab Test,2023-06-21,725
259,41,Surgery,2024-11-04,37963
260,152,Ultrasound,2023-05-12,1703
261,588,Follow-up,2023-02-03,780
262,333,Consultation,2023-05-27,1017
263,258,X-Ray,2023-10-30,966
264,521,Therapy,2023-10-25,3694
265,571,Blood Test,2023-06-07,451
266,786,MRI,2025-08-07,7749
267,461,X-Ray,2023-08-04,860
268,342,Surgery,2025-03-24,63021
269,215,Ultrasound,2025-04-15,1332
270,329,X-Ray,2023-06-05,968
271,479,Surgery,2023-07-15,21383
272,6,Blood Test,2023-02-14,405
273,405,Consultation,2025-05-30,1075
274,555,Therapy,2023-02-01,3475
275,697,Therapy,2023-01-25,1841
276,218,MRI,2023-07-05,3072
277,604,X-Ray,2023-10-18,765
278,360,Follow-up,2025-09-10,738
279,505,Surgery,2024-03-01,32036
280,1,Blood Test,2025-01-06,687
281,557,X-Ray,2024-04-05,533
282,696,Follow-up,2024-11-07,723
283,292,Therapy,2023-11-05,1050
284,259,Vaccination,2025-05-08,2327
285,620,MRI,2023-03-22,7067
286,248,Follow-up,2024-10-22,371
287,635,Follow-up,2025-04-29,773
288,403,X-Ray,2023-11-02,988
289,19,Follow-up,2023-02-10,461
290,351,MRI,2024-08-01,7135
291,615,X-Ray,2024-03-12,907
292,300,Lab Test,2025-05-01,324
293,617,Vaccination,2023-01-24,2926
294,319,Vaccination,2025-08-30,2845
295,70,Consultation,2023-04-05,1259
296,36,Consultation,2025-09-09,686
297,380,Vaccination,2023-10-21,985
298,679,Ultrasound,2024-05-28,1010
299,149,MRI,2023-04-04,5050
300,22,X-Ray,2024-10-31,1379
301,430,Consultation,2025-06-01,504
302,591,Therapy,2025-04-15,4214
303,273,Follow-up,2025-05-27,709
304,194,Ultrasound,2023-05-09,1274
305,69,Surgery,2024-03-09,22323
306,79,Blood Test,2024-04-25,760
307,704,Surgery,2024-07-24,50741
308,281,Lab Test,2025-03-28,1546
309,434,Vaccination,2023-11-11,1689
310,321,Ultrasound,2025-03-04,2318
311,309,Blood Test,2025-06-24,838
312,592,Surgery,2024-06-10,72082
313,15,Lab Test,2024-05-30,1566
314,99,X-Ray,2023-06-30,850
315,197,MRI,2023-09-07,6131
316,623,Consultation,2024-06-13,1418
317,16,MRI,2023-07-17,5172
318,763,MRI,2023-09-02,7885
319,145,Consultation,2023-05-24,943
320,789,Consultation,2023-08-06,1020
321,757,Lab Test,2024-04-02,486
322,219,Blood Test,2024-08-04,674
323,419,Therapy,2025-03-14,2679
324,138,Ultrasound,2025-09-30,2039
325,39,X-Ray,2023-11-26,1000
326,406,Vaccination,2024-09-19,922
327,606,Surgery,2023-07-27,35941
328,522,Consultation,2024-10-03,1065
329,336,X-Ray,2023-10-28,619
330,359,Therapy,2025-09-01,4338
331,546,Vaccination,2024-02-17,1604
332,203,Consultation,2023-03-03,1147
333,655,MRI,2024-12-06,5863
334,63,Follow-up,2024-03-01,541
335,409,Blood Test,2024-10-22,216
336,343,Therapy,2023-06-16,1952
337,541,Consultation,2025-06-26,1150
338,100,Surgery,2024-08-21,17277
339,371,Surgery,2024-02-17,20568
340,454,Blood Test,2023-02-01,991
341,116,Lab Test,2025-06-16,429
342,91,Blood Test,2025-03-07,306
343,241,Surgery,2025-01-17,67561
344,76,X-Ray,2023-04-05,1294
345,237,Follow-up,2023-05-13,487
346,630,Therapy,2023-02-11,2322
347,448,X-Ray,2023-08-10,1180
348,347,X-Ray,2023-09-01,958
349,619,Lab Test,2025-02-01,429
350,664,Vaccination,2023-10-31,505
351,45,Lab Test,2024-06-14,1234
352,614,Follow-up,2024-03-12,530
353,307,Consultation,2024-08-26,1000
354,310,Lab Test,2023-04-19,1268
355,539,Ultrasound,2024-12-28,1032
356,122,Therapy,2024-11-18,1783
357,53,Vaccination,2023-06-15,1276
358,720,Consultation,2024-06-04,1100
359,169,X-Ray,2024-01-17,898
360,723,Surgery,2024-11-27,58009
361,262,X-Ray,2023-06-05,593
362,89,Therapy,2024-02-01,2815
363,788,Surgery,2023-07-12,58664
364,417,Blood Test,2024-07-06,349
365,487,Consultation,2024-05-14,594
366,658,X-Ray,2023-12-20,1234
367,185,Ultrasound,2023-11-09,1138
368,23,Therapy,2023-08-14,4793
369,128,Vaccination,2023-04-05,708
370,283,Lab Test,2025-01-11,970
371,47,Surgery,2024-06-28,50784
372,548,Surgery,2023-05-24,71418
373,222,Follow-up,2024-07-09,357
374,603,Vaccination,2024-08-13,1134
375,353,MRI,2023-08-01,3648
376,159,Ultrasound,2024-07-12,2192
377,5,Lab Test,2023-10-18,1197
378,12,Ultrasound,2025-05-27,953
379,644,Therapy,2024-12-10,1525
380,239,Lab Test,2024-10-19,1261
381,382,Ultrasound,2023-08-19,1393
382,112,Lab Test,2023-08-18,1913
383,671,Blood Test,2023-11-28,202
384,691,Lab Test,2025-08-04,1555
385,223,Ultrasound,2024-10-09,2268
386,600,Consultation,2023-02-28,505
387,798,X-Ray,2023-03-01,605
388,441,X-Ray,2024-09-30,1055
389,54,Lab Test,2023-11-21,1629
390,693,Vaccination,2024-01-03,939
391,495,Consultation,2024-11-26,975
392,648,Ultrasound,2025-06-13,2292
393,540,Lab Test,2024-07-27,339
394,425,Follow-up,2023-05-02,480
395,85,Surgery,2025-08-30,40779
396,407,Ultrasound,2025-03-06,1954
397,361,Ultrasound,2024-08-09,2375
398,616,MRI,2024-07-12,6228
399,88,Follow-up,2023-02-08,722
400,301,Blood Test,2025-09-18,839
401,182,Lab Test,2024-01-15,305
402,386,Vaccination,2023-11-29,2240
403,594,Follow-up,2023-09-09,770
404,533,Vaccination,2023-10-14,1911
405,564,Consultation,2025-05-26,1375
406,250,Vaccination,2024-11-26,1267
407,707,Consultation,2023-04-01,1163
408,217,Consultation,2025-06-25,1078
409,125,Surgery,2024-04-26,37910
410,200,MRI,2024-01-30,5391
411,363,Lab Test,2025-07-03,1042
412,240,MRI,2024-02-20,6693
413,729,MRI,2024-11-24,3561
414,249,Lab Test,2023-09-22,1100
415,784,Follow-up,2023-09-26,435
416,135,X-Ray,2023-01-12,1415
417,395,Lab Test,2025-06-05,1867
418,559,Follow-up,2024-09-05,761
419,465,Vaccination,2025-01-11,2510
420,141,Blood Test,2024-02-05,980
421,506,Lab Test,2023-06-10,785
422,514,Consultation,2023-05-19,1263
423,362,Surgery,2024-10-22,65090
424,357,MRI,2025-07-21,3296
425,196,Therapy,2023-06-14,1888
426,595,Follow-up,2024-07-09,447
427,21,Blood Test,2024-10-11,524
428,770,Vaccination,2024-11-25,2459
429,470,Vaccination,2025-08-29,766
430,725,Follow-up,2024-01-05,514
431,429,X-Ray,2024-11-22,754
432,768,Lab Test,2025-06-06,952
433,549,Follow-up,2023-08-21,562
434,525,Surgery,2024-04-06,19168
435,312,MRI,2023-12-09,7643
436,685,Follow-up,2023-07-11,627
437,668,Blood Test,2025-09-02,275
438,399,Lab Test,2025-01-30,1413
439,501,Vaccination,2023-01-26,2805
440,11,Blood Test,2023-07-19,818
441,710,Therapy,2023-12-10,3977
442,372,Surgery,2023-01-12,24647
443,553,Consultation,2023-10-05,701
444,739,X-Ray,2023-03-02,747
445,276,Blood Test,2025-05-30,937
446,316,X-Ray,2025-02-13,1180
447,323,MRI,2023-02-23,5549
448,543,Therapy,2024-04-23,3454
449,526,Vaccination,2025-09-02,2614
450,86,Follow-up,2023-12-23,456
451,580,Vaccination,2024-11-14,1260
452,420,Lab Test,2024-09-26,561
453,467,Vaccination,2023-05-16,671
454,166,MRI,2024-12-26,3288
455,756,Therapy,2025-03-20,2629
456,800,Consultation,2024-09-05,964
457,589,Therapy,2023-09-25,2551
458,10,Surgery,2023-01-27,33011
459,172,MRI,2025-08-22,3573
460,413,Follow-up,2025-04-14,645
461,498,X-Ray,2025-03-23,1198
462,642,Consultation,2024-03-07,1401
463,535,Vaccination,2025-07-31,1980
464,146,X-Ray,2025-06-10,1178
465,178,Therapy,2025-06-24,1392
466,90,Ultrasound,2023-07-10,2379
467,119,Lab Test,2023-04-04,1055
468,751,Lab Test,2023-11-22,1804
469,542,Therapy,2025-07-17,1393
470,579,Therapy,2024-12-15,4778
471,647,Consultation,2025-08-07,793
472,243,Follow-up,2024-12-12,477
473,779,Ultrasound,2025-01-14,2146
474,337,Blood Test,2023-04-26,535
475,279,Vaccination,2023-10-12,2772
476,375,Follow-up,2024-05-26,524
477,71,Vaccination,2024-06-07,1872
478,201,X-Ray,2025-04-03,1014
479,698,Follow-up,2025-02-22,711
480,14,Blood Test,2024-07-20,478
481,59,Therapy,2025-09-29,3996
482,354,Consultation,2023-05-24,843
483,84,Blood Test,2025-03-01,208
484,414,Therapy,2025-04-22,2953
